,pm25_mean,pm25_max,pm25_median,pm10_mean,pm10_max,temp_mean,temp_min,temp_max,humidity_mean,humidity_max,signal_mean,signal_min,n_total,n_pm_valid,n_hours_total,n_hours_good,n_hours_humid,n_hours_low_cov,n_hours_no_data,coverage_pct,pm_valid_pct,hours_good_pct,pm_ratio,is_reliable
2024-01-01,19.61327731092437,36.28,19.055,35.06761904761905,82.7,9.597700956937798,8.7,11.7,99.9,99.9,-42.621319444444445,-44.0,588.0,357.0,24.0,14.0,10.0,0.0,0.0,100.0,60.7,58.3,0.559,False
2024-01-02,16.463397683397684,34.97,14.65,28.950231660231662,54.6,7.803827370869295,6.6,9.2,99.9,99.9,-42.75651954325868,-44.0,560.0,259.0,24.0,10.0,14.0,0.0,0.0,100.0,46.2,41.7,0.569,False
2024-01-03,,,,,,8.559097853535354,6.7,11.5,99.90000000000002,99.9,-42.75595328282828,-48.0,581.0,0.0,24.0,0.0,24.0,0.0,0.0,100.0,0.0,0.0,,False
2024-01-04,,,,,,9.416826992753622,5.5,14.4,99.8962777777778,99.9,-42.85142814009663,-46.0,584.0,0.0,24.0,0.0,24.0,0.0,0.0,100.0,0.0,0.0,,False
2024-01-05,,,,,,8.925731582125605,6.9,11.0,99.90000000000002,99.9,-43.36201086956521,-47.0,577.0,0.0,24.0,0.0,24.0,0.0,0.0,100.0,0.0,0.0,,False
2024-01-06,,,,,,8.262833333333333,7.6,8.6,99.90000000000002,99.9,-45.13912698412698,-55.0,576.0,0.0,24.0,0.0,24.0,0.0,0.0,100.0,0.0,0.0,,False
2024-01-07,,,,,,8.339426932367148,7.7,8.8,99.90000000000002,99.9,-45.18583937198068,-54.0,587.0,0.0,24.0,0.0,24.0,0.0,0.0,100.0,0.0,0.0,,False
2024-01-08,,,,,,9.015928571428573,8.2,10.8,99.9,99.9,-42.08833333333333,-44.0,316.0,0.0,14.0,0.0,13.0,0.0,10.0,58.4,0.0,0.0,,False
2024-01-09,12.595060240963857,19.9,11.629999999999999,22.076987951807226,31.42,5.2,4.4,5.4,99.90000000000002,99.9,-41.42041666666667,-43.0,89.0,83.0,4.0,4.0,0.0,0.0,20.0,16.5,93.3,16.7,0.571,False
2024-01-10,10.65,10.65,10.65,18.52,18.52,5.612725845410629,4.6,6.7,99.90000000000002,99.9,-41.25347222222222,-44.0,583.0,1.0,24.0,0.0,24.0,0.0,0.0,100.0,0.2,0.0,0.575,False
2024-01-11,,,,,,5.613062500000001,3.9,8.0,99.28574305555556,99.9,-41.68295138888889,-53.0,573.0,0.0,24.0,0.0,24.0,0.0,0.0,100.0,0.0,0.0,,False
2024-01-12,,,,,,5.17892361111111,3.1,8.6,99.90000000000002,99.9,-37.37430555555556,-42.0,587.0,0.0,24.0,0.0,24.0,0.0,0.0,100.0,0.0,0.0,,False
2024-01-13,,,,,,4.890145833333333,2.9,8.4,99.90000000000002,99.9,-40.07368055555556,-49.0,587.0,0.0,24.0,0.0,24.0,0.0,0.0,100.0,0.0,0.0,,False
2024-01-14,,,,,,3.1944667874396138,0.1,5.6,99.90000000000002,99.9,-44.10170289855072,-46.0,586.0,0.0,24.0,0.0,24.0,0.0,0.0,100.0,0.0,0.0,,False
2024-01-15,,,,,,5.403740036231884,3.3,9.0,99.90000000000002,99.9,-44.978312198067634,-48.0,587.0,0.0,24.0,0.0,24.0,0.0,0.0,100.0,0.0,0.0,,False
2024-01-16,,,,,,5.392236111111111,2.6,8.2,99.90000000000002,99.9,-44.274722222222216,-47.0,584.0,0.0,24.0,0.0,24.0,0.0,0.0,100.0,0.0,0.0,,False
2024-01-17,,,,,,6.287347222222222,5.7,7.2,99.90000000000002,99.9,-43.9601388888889,-46.0,587.0,0.0,24.0,0.0,24.0,0.0,0.0,100.0,0.0,0.0,,False
2024-01-18,,,,,,6.88086111111111,4.9,10.6,99.90000000000002,99.9,-44.00472222222222,-46.0,585.0,0.0,24.0,0.0,24.0,0.0,0.0,100.0,0.0,0.0,,False
2024-01-19,,,,,,6.463564915458936,4.6,9.2,99.90000000000002,99.9,-43.92474033816425,-47.0,585.0,0.0,24.0,0.0,24.0,0.0,0.0,100.0,0.0,0.0,,False
2024-01-20,,,,,,4.514576388888889,2.6,8.2,97.59625,99.9,-45.11284722222223,-61.0,585.0,0.0,24.0,0.0,24.0,0.0,0.0,100.0,0.0,0.0,,False
2024-01-21,,,,,,3.8974550120772946,1.2,8.1,95.91793780193238,99.9,-45.30758152173913,-60.0,587.0,0.0,24.0,0.0,24.0,0.0,0.0,100.0,0.0,0.0,,False
2024-01-22,,,,,,4.615801328502415,1.4,8.6,94.32857125603864,99.9,-45.29592995169082,-58.0,586.0,0.0,24.0,0.0,24.0,0.0,0.0,100.0,0.0,0.0,,False
2024-01-23,,,,,,6.730282004830919,4.4,11.1,99.74682880434784,99.9,-45.977113526570044,-61.0,583.0,0.0,24.0,0.0,24.0,0.0,0.0,100.0,0.0,0.0,,False
2024-01-24,,,,,,6.384032004830917,3.7,10.1,99.90000000000002,99.9,-47.29633756038647,-59.0,587.0,0.0,24.0,0.0,24.0,0.0,0.0,100.0,0.0,0.0,,False
2024-01-25,49.76777777777778,51.83,49.58,106.08444444444444,112.4,6.136222222222223,3.6,10.5,99.90000000000002,99.9,-45.766041666666666,-54.0,587.0,9.0,24.0,0.0,24.0,0.0,0.0,100.0,1.5,0.0,0.469,False
2024-01-26,,,,,,6.573590277777778,3.8,9.3,99.90000000000002,99.9,-52.16993055555556,-65.0,585.0,0.0,24.0,0.0,24.0,0.0,0.0,100.0,0.0,0.0,,False
2024-01-27,,,,,,6.4788749999999995,3.3,11.3,99.90000000000002,99.9,-51.84173611111111,-62.0,583.0,0.0,24.0,0.0,24.0,0.0,0.0,100.0,0.0,0.0,,False
2024-01-28,,,,,,5.4937754629629625,4.4,7.1,99.90000000000002,99.9,-38.554537037037036,-57.0,581.0,0.0,24.0,0.0,24.0,0.0,0.0,100.0,0.0,0.0,,False
2024-01-29,,,,,,4.3821666666666665,2.8,7.4,99.90000000000002,99.9,-42.416111111111114,-55.0,587.0,0.0,24.0,0.0,24.0,0.0,0.0,100.0,0.0,0.0,,False
2024-01-30,,,,,,4.069944444444444,0.5,9.4,99.90000000000002,99.9,-44.18340277777778,-49.0,587.0,0.0,24.0,0.0,24.0,0.0,0.0,100.0,0.0,0.0,,False
2024-01-31,,,,,,6.557618055555555,3.6,11.8,99.43244444444446,99.9,-44.68159722222222,-56.0,589.0,0.0,24.0,0.0,24.0,0.0,0.0,100.0,0.0,0.0,,False
2024-02-01,,,,,,7.091952294685991,3.9,11.1,99.86510416666668,99.9,-46.38642008856683,-52.0,556.0,0.0,24.0,0.0,23.0,0.0,0.0,100.0,0.0,0.0,,False
2024-02-02,,,,,,7.408647041062802,3.4,13.8,99.90000000000002,99.9,-46.67904095300835,-50.0,574.0,0.0,24.0,0.0,24.0,0.0,0.0,100.0,0.0,0.0,,False
2024-02-03,,,,,,8.96376388888889,5.3,15.9,99.2263125,99.9,-46.76326388888888,-51.0,588.0,0.0,24.0,0.0,24.0,0.0,0.0,100.0,0.0,0.0,,False
2024-02-04,47.778432203389826,61.63,49.1125,80.9012711864407,109.47,8.951307936507938,5.6,15.5,99.9,99.9,-47.01215277777777,-51.0,581.0,236.0,24.0,10.0,14.0,0.0,0.0,100.0,40.6,41.7,0.591,False
2024-02-05,39.862406143344714,70.38,36.065,70.29102389078497,118.78,,,,,,-47.01930555555555,-51.0,586.0,586.0,24.0,24.0,0.0,0.0,0.0,100.0,100.0,100.0,0.567,True
2024-02-06,34.94365351629503,55.7,33.4825,64.76468267581475,104.18,,,,,,-47.17652777777778,-51.0,583.0,583.0,24.0,24.0,0.0,0.0,0.0,100.0,100.0,100.0,0.54,True
2024-02-07,23.83323741007194,39.8,23.445,44.228579136690655,74.13,,,,,,-47.64182870370371,-52.0,556.0,556.0,24.0,23.0,0.0,1.0,0.0,100.0,100.0,95.8,0.539,True
2024-02-08,14.645450980392157,34.97,12.81,27.481372549019607,67.65,,,,,,-47.79636585530128,-53.0,510.0,510.0,24.0,22.0,0.0,2.0,0.0,94.3,100.0,91.7,0.533,True
2024-02-09,4.841601489757914,28.83,3.745,13.24219739292365,50.67,,,,,,-48.00287741545893,-51.0,537.0,537.0,24.0,22.0,0.0,2.0,0.0,99.3,100.0,91.7,0.366,True
2024-02-10,10.846429840142095,32.65,10.35,29.009058614564836,70.63,,,,,,-48.0937922705314,-52.0,563.0,563.0,24.0,24.0,0.0,0.0,0.0,100.0,100.0,100.0,0.374,True
2024-02-11,16.0722491349481,28.3,14.4975,38.29525951557094,97.53,,,,,,-46.797083333333326,-50.0,578.0,578.0,24.0,24.0,0.0,0.0,0.0,100.0,100.0,100.0,0.42,True
2024-02-12,6.89415652173913,16.1,5.789999999999999,13.539269565217392,42.67,,,,,,-46.589930555555554,-52.0,575.0,575.0,24.0,24.0,0.0,0.0,0.0,100.0,100.0,100.0,0.509,True
2024-02-13,18.414790209790212,30.35,20.3,35.573234265734264,79.18,,,,,,-46.2776798881261,-52.0,572.0,572.0,24.0,24.0,0.0,0.0,0.0,100.0,100.0,100.0,0.518,True
2024-02-14,14.207478559176671,26.17,13.01,28.688730703259004,78.28,,,,,,-46.1577747584541,-49.0,583.0,583.0,24.0,24.0,0.0,0.0,0.0,100.0,100.0,100.0,0.495,True
2024-02-15,22.178392857142857,50.28,21.34,40.81958928571429,91.4,,,,,,-46.47473155261341,-50.0,560.0,560.0,24.0,24.0,0.0,0.0,0.0,100.0,100.0,100.0,0.543,True
2024-02-16,32.401320754716984,57.55,34.265,57.77897084048028,119.43,,,,,,-46.66069444444445,-49.0,583.0,583.0,24.0,24.0,0.0,0.0,0.0,100.0,100.0,100.0,0.561,True
2024-02-17,56.15225255972697,88.3,60.475,100.40266211604097,157.88,,,,,,-46.923541666666665,-51.0,586.0,586.0,24.0,24.0,0.0,0.0,0.0,100.0,100.0,100.0,0.559,True
2024-02-18,67.21240614334471,104.15,80.3975,123.13646757679182,197.25,,,,,,-46.7898611111111,-49.0,586.0,586.0,24.0,24.0,0.0,0.0,0.0,100.0,100.0,100.0,0.546,True
2024-02-19,56.684,90.68,60.415,107.1942905982906,189.8,,,,,,-46.22131944444445,-51.0,585.0,585.0,24.0,24.0,0.0,0.0,0.0,100.0,100.0,100.0,0.529,True
2024-02-20,34.315247018739356,66.65,38.06,63.94657580919932,135.1,,,,,,-45.87013888888888,-49.0,587.0,587.0,24.0,24.0,0.0,0.0,0.0,100.0,100.0,100.0,0.537,True
2024-02-21,15.601523972602742,25.98,15.2425,30.379623287671233,87.38,,,,,,-46.174305555555556,-51.0,584.0,584.0,24.0,24.0,0.0,0.0,0.0,100.0,100.0,100.0,0.514,True
2024-02-22,6.294271012006861,23.08,2.955,14.029056603773586,105.72,,,,,,-45.973958333333336,-51.0,583.0,583.0,24.0,24.0,0.0,0.0,0.0,100.0,100.0,100.0,0.449,True
2024-02-23,5.0093015332197615,21.02,2.7675,10.504787052810903,44.78,,,,,,-46.700208333333336,-53.0,587.0,587.0,24.0,24.0,0.0,0.0,0.0,100.0,100.0,100.0,0.477,True
2024-02-24,5.482632478632478,26.4,1.6425,12.467623931623931,103.95,,,,,,-46.08180555555555,-49.0,585.0,585.0,24.0,24.0,0.0,0.0,0.0,100.0,100.0,100.0,0.44,True
2024-02-25,2.9326621160409556,27.1,2.6675,6.149402730375427,62.0,,,,,,-46.31402777777779,-49.0,586.0,586.0,24.0,24.0,0.0,0.0,0.0,100.0,100.0,100.0,0.477,True
2024-02-26,5.531982905982906,20.42,4.74,10.767658119658119,39.9,,,,,,-45.75194444444444,-49.0,585.0,585.0,24.0,24.0,0.0,0.0,0.0,100.0,100.0,100.0,0.514,True
2024-02-27,15.335790378006873,33.4,14.695,29.361718213058413,88.45,,,,,,-45.513351449275355,-51.0,582.0,582.0,24.0,24.0,0.0,0.0,0.0,100.0,100.0,100.0,0.522,True
2024-02-28,24.098706467661682,45.78,19.3825,74.6663184079602,179.0,12.428490920843862,11.3,13.2,99.9,99.9,-46.56638888888889,-53.0,587.0,201.0,24.0,7.0,17.0,0.0,0.0,100.0,34.2,29.2,0.323,False
2024-02-29,24.02517937219731,40.17,21.73,40.42443946188341,71.25,11.820295376121463,11.5,12.2,99.90000000000002,99.9,-46.38979166666667,-52.0,588.0,446.0,24.0,17.0,7.0,0.0,0.0,100.0,75.9,70.8,0.594,False
2024-03-01,33.26040404040404,41.8,31.924999999999997,64.41030303030303,77.0,12.804182674571805,12.0,14.8,99.9,99.9,-46.189338493631965,-52.0,567.0,99.0,24.0,4.0,20.0,0.0,0.0,100.0,17.5,16.7,0.516,False
2024-03-02,,,,,,12.508167874396136,10.8,16.1,99.90000000000002,99.9,-46.66083031400965,-49.0,580.0,0.0,24.0,0.0,24.0,0.0,0.0,100.0,0.0,0.0,,False
2024-03-03,,,,,,13.000527777777776,10.0,16.1,99.90000000000002,99.9,-46.474583333333335,-49.0,583.0,0.0,24.0,0.0,24.0,0.0,0.0,100.0,0.0,0.0,,False
2024-03-04,,,,,,10.976616243961352,9.9,12.2,99.90000000000002,99.9,-46.547291666666666,-53.0,580.0,0.0,24.0,0.0,24.0,0.0,0.0,100.0,0.0,0.0,,False
2024-03-05,,,,,,13.211002827184892,9.8,17.9,99.89766666666668,99.9,-46.37275170180061,-50.0,574.0,0.0,24.0,0.0,24.0,0.0,0.0,100.0,0.0,0.0,,False
2024-03-06,,,,,,12.034104166666665,9.5,16.1,99.03688194444446,99.9,-45.810624999999995,-49.0,581.0,0.0,24.0,0.0,24.0,0.0,0.0,100.0,0.0,0.0,,False
2024-03-07,,,,,,11.835553442028987,9.3,16.2,99.75190909090911,99.9,-46.76572875494071,-49.0,572.0,0.0,24.0,0.0,24.0,0.0,0.0,100.0,0.0,0.0,,False
2024-03-08,,,,,,10.184745169082126,7.4,14.5,99.90000000000002,99.9,-45.935624999999995,-49.0,572.0,0.0,24.0,0.0,24.0,0.0,0.0,100.0,0.0,0.0,,False
2024-03-09,,,,,,10.971689393939394,9.4,13.7,99.90000000000002,99.9,-46.104097222222215,-48.0,569.0,0.0,24.0,0.0,24.0,0.0,0.0,100.0,0.0,0.0,,False
2024-03-10,,,,,,11.662814759436472,9.7,14.1,99.90000000000002,99.9,-46.00382741892611,-52.0,568.0,0.0,24.0,0.0,24.0,0.0,0.0,100.0,0.0,0.0,,False
2024-03-11,,,,,,11.716096920289855,8.3,19.5,99.89687500000002,99.9,-46.455785024154586,-49.0,566.0,0.0,24.0,0.0,24.0,0.0,0.0,100.0,0.0,0.0,,False
2024-03-12,3.238755020080321,25.88,2.71,9.965020080321285,67.7,12.033389455782313,9.3,18.6,95.45510714285716,99.9,-46.818849206349206,-49.0,570.0,249.0,24.0,10.0,14.0,0.0,0.0,100.0,43.7,41.7,0.325,False
2024-03-13,8.505104895104894,18.42,8.850000000000001,17.983356643356643,57.05,,,,,,-46.63811585053433,-50.0,572.0,572.0,24.0,24.0,0.0,0.0,0.0,100.0,100.0,100.0,0.473,True
2024-03-14,13.555240549828179,31.15,15.7375,25.29560137457045,107.22,,,,,,-46.98902777777778,-52.0,582.0,582.0,24.0,24.0,0.0,0.0,0.0,100.0,100.0,100.0,0.536,True
2024-03-15,4.412024221453287,15.4,4.24,10.873166089965398,137.85,,,,,,-46.84280193236716,-51.0,578.0,578.0,24.0,24.0,0.0,0.0,0.0,100.0,100.0,100.0,0.406,True
2024-03-16,4.418219178082191,10.57,3.855,8.624195205479452,48.4,,,,,,-47.29359848484848,-49.0,584.0,584.0,24.0,24.0,0.0,0.0,0.0,100.0,100.0,100.0,0.512,True
2024-03-17,9.262241379310346,19.75,9.45,13.366258620689656,32.5,,,,,,-47.43270202020202,-50.0,580.0,580.0,24.0,24.0,0.0,0.0,0.0,100.0,100.0,100.0,0.693,True
2024-03-18,20.008827586206895,72.97,11.215,35.24268965517242,119.82,,,,,,-47.26117918313571,-50.0,580.0,580.0,24.0,24.0,0.0,0.0,0.0,100.0,100.0,100.0,0.568,True
2024-03-19,31.16520202020202,51.13,29.575000000000003,54.255404040404045,90.8,15.167480113636364,11.0,22.0,99.9,99.9,-46.983680555555544,-50.0,584.0,198.0,24.0,8.0,16.0,0.0,0.0,100.0,33.9,33.3,0.574,False
2024-03-20,,,,,,13.812495370370371,10.9,20.7,99.90000000000002,99.9,-47.37127314814814,-50.0,575.0,0.0,24.0,0.0,24.0,0.0,0.0,100.0,0.0,0.0,,False
2024-03-21,26.093165137614676,40.33,31.182499999999997,48.49481651376147,83.07,14.914947890025577,11.5,24.6,99.01202512254903,99.9,-46.672424516908215,-50.0,581.0,218.0,24.0,8.0,16.0,0.0,0.0,100.0,37.5,33.3,0.538,False
2024-03-22,13.235397923875432,34.85,9.825,22.827093425605536,68.43,13.061017001114827,11.9,15.5,99.90000000000002,99.9,-46.19631944444444,-50.0,586.0,289.0,24.0,11.0,13.0,0.0,0.0,100.0,49.3,45.8,0.58,False
2024-03-23,,,,,,16.522381642512077,11.3,23.3,95.5749393115942,99.9,-45.73372584541062,-48.0,582.0,0.0,24.0,0.0,24.0,0.0,0.0,100.0,0.0,0.0,,False
2024-03-24,1.6198230088495575,8.07,1.295,3.652522123893805,14.63,14.410563460693893,11.1,22.0,78.5752638888889,99.9,-45.70897644927536,-49.0,578.0,226.0,24.0,8.0,16.0,0.0,0.0,100.0,39.1,33.3,0.443,False
2024-03-25,,,,,,12.877857652613088,8.6,19.2,93.69553969038209,99.9,-46.639605841018884,-49.0,585.0,0.0,24.0,0.0,24.0,0.0,0.0,100.0,0.0,0.0,,False
2024-03-26,20.159433962264153,28.55,19.25,31.039622641509432,54.6,10.896510590858417,9.5,11.8,99.9,99.9,-46.52083937198068,-53.0,584.0,53.0,24.0,2.0,22.0,0.0,0.0,100.0,9.1,8.3,0.649,False
2024-03-27,,,,,,12.180802536231885,10.3,16.2,99.180625,99.9,-46.86654891304348,-50.0,586.0,0.0,24.0,0.0,24.0,0.0,0.0,100.0,0.0,0.0,,False
2024-03-28,13.232000000000001,15.02,13.282499999999999,18.293333333333333,20.33,13.100292003889829,9.0,19.2,99.90000000000002,99.9,-47.09170509442248,-50.0,579.0,15.0,24.0,0.0,24.0,0.0,0.0,100.0,2.6,0.0,0.723,False
2024-03-29,5.597966666666666,12.3,4.97,25.211733333333335,89.22,12.792935748792269,9.4,16.7,99.90000000000002,99.9,-46.56685166886254,-50.0,574.0,300.0,24.0,12.0,12.0,0.0,0.0,100.0,52.3,50.0,0.222,False
2024-03-30,12.727734374999999,20.05,12.6175,60.0631640625,126.45,16.47115454497016,13.2,22.0,99.9,99.9,-46.787047101449275,-52.0,577.0,256.0,24.0,9.0,15.0,0.0,0.0,100.0,44.4,37.5,0.212,False
2024-03-31,26.67586956521739,693.7,9.942499999999999,75.81720496894411,1032.82,19.593880952380953,16.7,23.3,97.99994444444445,99.9,-47.060833333333335,-49.0,582.0,322.0,24.0,13.0,11.0,0.0,0.0,100.0,55.3,54.2,0.352,False
2024-04-01,,,,,,16.54563079945417,12.1,18.6,97.99122192028987,99.9,-46.78723578957274,-49.0,566.0,0.0,24.0,0.0,24.0,0.0,0.0,100.0,0.0,0.0,,False
2024-04-02,1.1582539682539683,3.63,1.02,7.036349206349207,30.05,16.549878787878786,10.9,26.0,87.01958712121211,99.9,-46.709210858585855,-49.0,583.0,63.0,24.0,2.0,22.0,0.0,0.0,100.0,10.8,8.3,0.165,False
2024-04-03,1.2814285714285716,1.67,1.27,7.961428571428572,11.75,16.479031400966182,13.4,24.5,87.73978623188407,99.9,-46.888997584541066,-49.0,581.0,7.0,24.0,0.0,24.0,0.0,0.0,100.0,1.2,0.0,0.161,False
2024-04-04,,,,,,16.57728472222222,12.0,24.5,99.09348611111113,99.9,-47.05840277777778,-50.0,589.0,0.0,24.0,0.0,24.0,0.0,0.0,100.0,0.0,0.0,,False
2024-04-05,,,,,,17.45947601010101,13.2,25.9,98.51853472222224,99.9,-47.07260101010101,-49.0,582.0,0.0,24.0,0.0,24.0,0.0,0.0,100.0,0.0,0.0,,False
2024-04-06,,,,,,18.131025664251208,13.5,27.8,97.19779861111112,99.9,-47.47162741545895,-52.0,581.0,0.0,24.0,0.0,24.0,0.0,0.0,100.0,0.0,0.0,,False
2024-04-07,1.1534615384615383,2.08,1.1,4.908461538461538,14.75,18.352665157004832,13.0,29.8,94.0883888888889,99.9,-47.44549818840579,-50.0,582.0,52.0,24.0,1.0,23.0,0.0,0.0,100.0,8.9,4.2,0.235,False
2024-04-08,,,,,,19.001069444444443,14.5,26.6,98.33228472222224,99.9,-46.73097222222222,-49.0,584.0,0.0,24.0,0.0,24.0,0.0,0.0,100.0,0.0,0.0,,False
2024-04-09,,,,,,18.821250000000003,14.5,27.6,99.85050000000001,99.9,-47.11041666666667,-49.0,583.0,0.0,24.0,0.0,24.0,0.0,0.0,100.0,0.0,0.0,,False
2024-04-10,,,,,,15.07788201871658,12.9,21.7,99.90000000000002,99.9,-46.49342877302436,-49.0,548.0,0.0,24.0,0.0,23.0,0.0,0.0,100.0,0.0,0.0,,False
2024-04-11,,,,,,17.08774568843469,13.1,25.0,99.02505000664542,99.9,-46.80258808046136,-49.0,533.0,0.0,24.0,0.0,23.0,0.0,0.0,98.5,0.0,0.0,,False
2024-04-12,,,,,,19.044312898924392,14.4,31.8,97.58900793650794,99.9,-47.199108186588205,-50.0,503.0,0.0,24.0,0.0,22.0,0.0,0.0,93.0,0.0,0.0,,False
2024-04-13,3.6580769230769237,4.35,3.8,7.451538461538462,10.82,20.573756642512077,14.9,35.6,95.19614583333335,99.9,-47.3368327294686,-50.0,582.0,26.0,24.0,0.0,24.0,0.0,0.0,100.0,4.5,0.0,0.491,False
2024-04-14,2.77972972972973,7.85,2.6449999999999996,7.262702702702703,15.18,22.30841213768116,15.5,37.4,88.33109571256038,99.9,-47.136422101449284,-50.0,585.0,74.0,24.0,3.0,21.0,0.0,0.0,100.0,12.6,12.5,0.383,False
2024-04-15,2.823525179856115,7.22,3.25,7.495107913669064,46.42,22.58342361111111,17.6,32.1,71.75509027777778,95.2,-47.345277777777774,-52.0,584.0,278.0,24.0,11.0,13.0,0.0,0.0,100.0,47.6,45.8,0.377,False
2024-04-16,3.183582089552239,16.0,2.7575000000000003,16.381641791044775,63.15,18.457756944444444,12.5,24.8,83.6949861111111,99.9,-46.856527777777785,-50.0,586.0,134.0,24.0,5.0,19.0,0.0,0.0,100.0,22.9,20.8,0.194,False
2024-04-17,2.9263636363636363,7.95,2.92,10.476818181818182,53.15,14.995951388888889,11.5,27.5,90.96971527777778,99.9,-45.82944444444445,-49.0,585.0,44.0,24.0,2.0,22.0,0.0,0.0,100.0,7.5,8.3,0.279,False
2024-04-18,,,,,,12.285200483091787,10.2,16.2,98.77779861111112,99.9,-45.93151570048309,-48.0,585.0,0.0,24.0,0.0,24.0,0.0,0.0,100.0,0.0,0.0,,False
2024-04-19,1.9195333333333333,6.57,2.1999999999999997,4.9552,62.42,14.641390096618357,9.5,30.7,82.78552294685991,99.9,-46.2206038647343,-49.0,583.0,150.0,24.0,5.0,19.0,0.0,0.0,100.0,25.7,20.8,0.387,False
2024-04-20,1.5425000000000002,6.28,1.7925,3.723181818181818,14.02,13.69675,10.6,26.8,87.71296376811596,99.9,-46.04888888888889,-50.0,581.0,44.0,24.0,1.0,23.0,0.0,0.0,100.0,7.6,4.2,0.414,False
2024-04-21,2.033666666666667,5.03,2.1475,2.5833333333333335,5.53,11.910452596618358,9.1,24.3,94.91245833333335,99.9,-46.11480374396135,-49.0,586.0,30.0,24.0,1.0,23.0,0.0,0.0,100.0,5.1,4.2,0.787,False
2024-04-22,,,,,,9.141674214975845,7.0,10.7,99.90000000000002,99.9,-46.31840881642512,-50.0,575.0,0.0,24.0,0.0,24.0,0.0,0.0,100.0,0.0,0.0,,False
2024-04-23,,,,,,8.779922403381642,7.0,12.3,99.90000000000002,99.9,-45.524725241545895,-50.0,583.0,0.0,24.0,0.0,24.0,0.0,0.0,100.0,0.0,0.0,,False
2024-04-24,,,,,,11.369631944444444,9.0,22.4,98.7003888888889,99.9,-45.5909420289855,-50.0,586.0,0.0,24.0,0.0,24.0,0.0,0.0,100.0,0.0,0.0,,False
2024-04-25,,,,,,12.520671332894159,9.5,20.9,97.28259280303031,99.9,-45.26626811594203,-48.0,579.0,0.0,24.0,0.0,24.0,0.0,0.0,100.0,0.0,0.0,,False
2024-04-26,,,,,,13.395713383838384,8.7,22.9,99.71968750000002,99.9,-45.694987373737376,-48.0,586.0,0.0,24.0,0.0,24.0,0.0,0.0,100.0,0.0,0.0,,False
2024-04-27,,,,,,14.488121980676327,12.2,17.6,99.90000000000002,99.9,-45.87296195652174,-50.0,587.0,0.0,24.0,0.0,24.0,0.0,0.0,100.0,0.0,0.0,,False
2024-04-28,,,,,,17.14065760869565,12.8,26.9,99.67772222222224,99.9,-46.17976147342995,-50.0,584.0,0.0,24.0,0.0,24.0,0.0,0.0,100.0,0.0,0.0,,False
2024-04-29,,,,,,18.1430625,14.0,28.2,98.31072222222224,99.9,-46.254583333333336,-48.0,589.0,0.0,24.0,0.0,24.0,0.0,0.0,100.0,0.0,0.0,,False
2024-04-30,2.051428571428571,4.57,1.73,6.813406593406593,15.73,19.31190247584541,13.5,30.7,89.07577566425122,99.9,-46.9786149538867,-50.0,580.0,91.0,24.0,3.0,21.0,0.0,0.0,100.0,15.7,12.5,0.301,False
2024-05-01,,,,,,17.14160326086957,15.0,20.7,99.90000000000002,99.9,-47.333828502415464,-52.0,577.0,0.0,24.0,0.0,24.0,0.0,0.0,100.0,0.0,0.0,,False
2024-05-02,,,,,,17.145375,13.6,25.6,97.52853472222222,99.9,-47.292291666666664,-51.0,583.0,0.0,24.0,0.0,24.0,0.0,0.0,100.0,0.0,0.0,,False
2024-05-03,0.832340425531915,3.55,0.7150000000000001,5.466170212765957,52.17,17.293511034255598,12.1,30.9,93.93474305555556,99.9,-47.14687911725955,-50.0,582.0,47.0,24.0,2.0,22.0,0.0,0.0,100.0,8.1,8.3,0.152,False
2024-05-04,,,,,,18.06922916666667,14.6,27.5,97.88919444444446,99.9,-47.88298611111111,-52.0,588.0,0.0,24.0,0.0,24.0,0.0,0.0,100.0,0.0,0.0,,False
2024-05-05,,,,,,19.690427536231883,14.9,30.4,93.59876358695652,99.9,-47.44252415458937,-50.0,583.0,0.0,24.0,0.0,24.0,0.0,0.0,100.0,0.0,0.0,,False
2024-05-06,,,,,,18.676381944444447,15.8,23.5,98.22868750000002,99.9,-46.74191287878787,-49.0,585.0,0.0,24.0,0.0,24.0,0.0,0.0,100.0,0.0,0.0,,False
2024-05-07,,,,,,16.59475422705314,14.7,19.8,99.90000000000002,99.9,-47.199873188405796,-50.0,586.0,0.0,24.0,0.0,24.0,0.0,0.0,100.0,0.0,0.0,,False
2024-05-08,,,,,,18.643669823232322,15.0,29.7,98.96674305555557,99.9,-46.804633838383836,-49.0,583.0,0.0,24.0,0.0,24.0,0.0,0.0,100.0,0.0,0.0,,False
2024-05-09,,,,,,19.831770833333334,16.1,32.5,96.55132638888888,99.9,-47.608402777777776,-53.0,585.0,0.0,24.0,0.0,24.0,0.0,0.0,100.0,0.0,0.0,,False
2024-05-10,1.6123893805309732,3.6,1.4249999999999998,4.2749557522123895,13.13,19.651733997584543,14.8,33.0,91.15158333333333,99.9,-47.243016304347826,-53.0,582.0,113.0,24.0,5.0,19.0,0.0,0.0,100.0,19.4,20.8,0.377,False
2024-05-11,2.5774172185430464,8.77,2.625,5.777615894039735,19.0,17.545846014492753,14.1,22.6,98.03907608695653,99.9,-47.48781812692139,-50.0,578.0,302.0,24.0,12.0,12.0,0.0,0.0,100.0,52.2,50.0,0.446,False
2024-05-12,2.926967071057192,7.82,2.79,5.863119584055459,13.3,,,,,,-47.88576086956522,-50.0,577.0,577.0,24.0,24.0,0.0,0.0,0.0,100.0,100.0,100.0,0.499,True
2024-05-13,6.053177083333334,18.48,5.59,12.835381944444444,94.75,,,,,,-48.05014877031181,-50.0,576.0,576.0,24.0,24.0,0.0,0.0,0.0,100.0,100.0,100.0,0.472,True
2024-05-14,6.393573200992556,16.5,5.3100000000000005,10.96334987593052,57.72,19.63042307692308,18.7,20.5,99.9,99.9,-47.964722222222214,-51.0,587.0,403.0,24.0,16.0,8.0,0.0,0.0,100.0,68.7,66.7,0.583,False
2024-05-15,20.783235294117645,27.75,20.95,32.442058823529415,43.88,19.806427777777778,18.0,23.0,99.9,99.9,-48.08138888888889,-52.0,586.0,102.0,24.0,4.0,20.0,0.0,0.0,100.0,17.4,16.7,0.641,False
2024-05-16,12.4394964028777,30.13,12.5625,22.07064748201439,85.32,,,,,,-48.10236836326653,-50.0,556.0,556.0,24.0,24.0,0.0,0.0,0.0,100.0,100.0,100.0,0.564,True
2024-05-17,2.219053356282272,27.77,1.3050000000000002,10.007590361445782,146.68,,,,,,-48.07785628019323,-51.0,581.0,581.0,24.0,24.0,0.0,0.0,0.0,100.0,100.0,100.0,0.222,True
2024-05-18,2.7155517826825126,11.98,1.5125000000000002,7.497402376910017,119.28,,,,,,-48.32965277777779,-51.0,589.0,589.0,24.0,24.0,0.0,0.0,0.0,100.0,100.0,100.0,0.362,True
2024-05-19,5.598983516483516,14.02,6.35,12.41807692307692,31.08,22.768846963423055,18.9,32.1,95.60166666666667,99.9,-48.65817632850241,-51.0,584.0,364.0,24.0,14.0,10.0,0.0,0.0,100.0,62.3,58.3,0.451,False
2024-05-20,10.9,11.0,10.9,29.11,29.77,20.335333764665286,18.0,25.7,99.90000000000002,99.9,-48.83498360938578,-52.0,578.0,2.0,24.0,0.0,24.0,0.0,0.0,100.0,0.3,0.0,0.374,False
2024-05-21,1.4575229357798165,5.88,1.24,7.1001376146789,51.78,21.508489583333333,17.5,34.3,96.38634375000001,99.9,-48.68881944444445,-52.0,585.0,218.0,24.0,9.0,15.0,0.0,0.0,100.0,37.3,37.5,0.205,False
2024-05-22,3.3857142857142857,21.92,1.8900000000000001,9.572755102040817,67.88,,,,,,-48.75875,-51.0,588.0,588.0,24.0,24.0,0.0,0.0,0.0,100.0,100.0,100.0,0.354,True
2024-05-23,2.731018675721562,7.78,2.4875,7.334159592529711,43.08,,,,,,-48.64722222222222,-51.0,589.0,589.0,24.0,24.0,0.0,0.0,0.0,100.0,100.0,100.0,0.372,True
2024-05-24,2.836735042735042,10.65,2.415,7.446410256410258,43.83,,,,,,-48.58508756038648,-53.0,585.0,585.0,24.0,24.0,0.0,0.0,0.0,100.0,100.0,100.0,0.381,True
2024-05-25,7.39975986277873,28.65,3.67,12.01869639794168,61.08,,,,,,-48.35678743961353,-51.0,583.0,583.0,24.0,24.0,0.0,0.0,0.0,100.0,100.0,100.0,0.616,True
2024-05-26,2.617713310580205,8.73,2.585,4.884368600682594,14.0,,,,,,-48.75659722222222,-51.0,586.0,586.0,24.0,24.0,0.0,0.0,0.0,100.0,100.0,100.0,0.536,True
2024-05-27,2.635068493150685,7.22,2.3825000000000003,6.009058219178082,41.33,,,,,,-48.838849637681164,-51.0,584.0,584.0,24.0,24.0,0.0,0.0,0.0,100.0,100.0,100.0,0.439,True
2024-05-28,6.46,11.43,6.8275,10.059777777777777,16.05,22.309398989898988,18.9,32.0,99.04722222222223,99.9,-48.68051273605621,-51.0,581.0,90.0,24.0,4.0,20.0,0.0,0.0,100.0,15.5,16.7,0.642,False
2024-05-29,2.615,4.78,2.0,4.776333333333334,8.98,22.80144696969697,18.4,34.6,96.28155303030304,99.9,-48.32375,-52.0,588.0,60.0,24.0,2.0,22.0,0.0,0.0,100.0,10.2,8.3,0.547,False
2024-05-30,2.7491999999999996,6.53,2.55,5.4324,15.18,21.8108115942029,18.7,26.3,99.9,99.9,-49.05625,-51.0,586.0,100.0,24.0,4.0,20.0,0.0,0.0,100.0,17.1,16.7,0.506,False
2024-05-31,4.70032258064516,21.92,1.45,11.631290322580645,35.25,18.56182203243616,16.0,27.4,99.90000000000002,99.9,-48.76333333333333,-52.0,584.0,31.0,24.0,0.0,24.0,0.0,0.0,100.0,5.3,0.0,0.404,False
2024-06-01,0.8295041322314048,3.58,0.6525000000000001,3.105123966942149,14.88,21.327095598163652,14.7,36.0,94.6629788909893,99.9,-49.40877156659766,-52.0,577.0,121.0,24.0,5.0,19.0,0.0,0.0,100.0,21.0,20.8,0.267,False
2024-06-02,1.3866666666666667,1.73,1.35,5.286666666666667,6.53,20.568500603864734,18.0,29.5,99.67097101449276,99.9,-49.889356884057975,-51.0,585.0,3.0,24.0,0.0,24.0,0.0,0.0,100.0,0.5,0.0,0.262,False
2024-06-03,1.125,1.25,1.125,3.505,4.63,21.27211443236715,17.5,31.0,96.33692240338166,99.9,-49.35729166666667,-52.0,585.0,2.0,24.0,0.0,24.0,0.0,0.0,100.0,0.3,0.0,0.321,False
2024-06-04,2.375,3.45,2.375,7.025,9.65,22.05350359574001,18.4,31.3,99.37362318840582,99.9,-48.964580862977606,-51.0,578.0,2.0,24.0,0.0,24.0,0.0,0.0,100.0,0.3,0.0,0.338,False
2024-06-05,1.6902941176470587,2.9,1.63,4.890588235294119,13.48,23.752712532938077,18.8,36.0,91.70854166666668,99.9,-49.34187664690381,-51.0,577.0,34.0,24.0,1.0,23.0,0.0,0.0,100.0,5.9,4.2,0.346,False
2024-06-06,2.4805882352941175,3.97,2.4850000000000003,6.257843137254903,14.52,25.015249505928853,19.9,38.3,93.40832422046553,99.9,-49.94837121212121,-53.0,559.0,51.0,24.0,2.0,21.0,0.0,0.0,100.0,9.1,8.3,0.396,False
2024-06-07,5.6,5.6,5.6,11.88,11.88,26.21637047101449,21.5,39.4,94.23126086956522,99.9,-50.05715277777778,-52.0,576.0,1.0,24.0,0.0,24.0,0.0,0.0,100.0,0.2,0.0,0.471,False
2024-06-08,,,,,,26.313122023809527,22.8,34.5,96.46328769841269,99.9,-49.9938888888889,-51.0,575.0,0.0,24.0,0.0,24.0,0.0,0.0,100.0,0.0,0.0,,False
2024-06-09,,,,,,25.04310839371981,23.2,28.6,99.43505555555555,99.9,-49.92526570048309,-52.0,578.0,0.0,24.0,0.0,24.0,0.0,0.0,100.0,0.0,0.0,,False
2024-06-10,2.2758064516129037,4.07,2.135,12.03451612903226,33.05,25.112456768774706,20.7,39.1,93.21326479468598,99.9,-50.06542929292929,-52.0,575.0,31.0,24.0,1.0,23.0,0.0,0.0,100.0,5.4,4.2,0.189,False
2024-06-11,2.6325,4.07,2.365,8.629999999999999,10.3,23.979078804347825,21.0,31.7,86.87616878019325,99.9,-49.48319444444445,-54.0,586.0,4.0,24.0,0.0,24.0,0.0,0.0,100.0,0.7,0.0,0.305,False
2024-06-12,9.807500000000001,18.33,8.290000000000001,17.45,30.8,21.719329106280195,17.4,27.3,98.60572222222224,99.9,-49.06423611111111,-57.0,585.0,4.0,24.0,0.0,24.0,0.0,0.0,100.0,0.7,0.0,0.562,False
2024-06-13,,,,,,21.329928743961354,18.0,29.6,97.67584343434343,99.9,-49.03131944444444,-51.0,585.0,0.0,24.0,0.0,24.0,0.0,0.0,100.0,0.0,0.0,,False
2024-06-14,,,,,,22.851375,18.7,30.1,94.5615625,99.9,-48.99548611111111,-52.0,583.0,0.0,24.0,0.0,24.0,0.0,0.0,100.0,0.0,0.0,,False
2024-06-15,1.505806451612903,2.38,1.775,3.8232258064516134,11.82,24.65666425120773,19.8,35.9,88.6038300120773,99.9,-49.02965277777778,-51.0,583.0,31.0,24.0,1.0,23.0,0.0,0.0,100.0,5.3,4.2,0.394,False
2024-06-16,1.4877906976744186,4.75,1.5,3.8998837209302333,11.23,25.101056763285026,20.4,35.3,77.70125664251208,91.4,-49.06234299516908,-51.0,581.0,86.0,24.0,2.0,22.0,0.0,0.0,100.0,14.8,8.3,0.381,False
2024-06-17,2.166923076923077,4.88,2.05,7.558076923076923,33.28,25.93563188954765,20.8,38.9,78.84843859793588,93.2,-48.933979468599034,-52.0,581.0,104.0,24.0,4.0,20.0,0.0,0.0,100.0,17.9,16.7,0.287,False
2024-06-18,2.003108108108108,3.0,1.9625,6.665000000000001,11.82,27.402888888888885,22.1,40.7,82.55311805555554,99.9,-49.056111111111115,-52.0,582.0,74.0,24.0,3.0,21.0,0.0,0.0,100.0,12.7,12.5,0.301,False
2024-06-19,4.18,4.18,4.18,9.5,9.5,27.0851443236715,23.2,35.7,93.46192934782609,99.9,-49.59340277777778,-51.0,580.0,1.0,24.0,0.0,24.0,0.0,0.0,100.0,0.2,0.0,0.44,False
2024-06-20,,,,,,27.54184027777778,24.4,34.0,95.62620138888889,99.9,-49.77791666666667,-52.0,574.0,0.0,24.0,0.0,24.0,0.0,0.0,100.0,0.0,0.0,,False
2024-06-21,,,,,,27.677543231225297,23.5,34.8,97.9260440821256,99.9,-49.7758355292051,-52.0,565.0,0.0,24.0,0.0,24.0,0.0,0.0,100.0,0.0,0.0,,False
2024-06-22,1.494509803921569,2.92,1.44,8.839607843137255,29.02,26.62096317340067,22.2,42.0,85.30482596801347,98.0,-49.26312170619235,-52.0,563.0,102.0,24.0,4.0,20.0,0.0,0.0,100.0,18.1,16.7,0.169,False
2024-06-23,,,,,,21.335326388888888,19.4,23.8,98.63689583333336,99.9,-48.89819444444444,-52.0,578.0,0.0,24.0,0.0,24.0,0.0,0.0,100.0,0.0,0.0,,False
2024-06-24,,,,,,20.284883152173915,18.7,22.8,99.90000000000002,99.9,-48.79604770531401,-55.0,575.0,0.0,24.0,0.0,24.0,0.0,0.0,100.0,0.0,0.0,,False
2024-06-25,7.539999999999999,11.2,6.0725,22.606666666666666,36.17,21.30824890206412,18.5,28.5,99.90000000000002,99.9,-48.881275252525256,-52.0,585.0,3.0,24.0,0.0,24.0,0.0,0.0,100.0,0.5,0.0,0.334,False
2024-06-26,2.88,2.88,2.88,12.55,12.55,23.150496376811592,19.7,36.1,99.22224305555557,99.9,-49.41465277777778,-51.0,589.0,1.0,24.0,0.0,24.0,0.0,0.0,100.0,0.2,0.0,0.229,False
2024-06-27,2.4518309859154925,7.15,2.2825,12.766901408450705,49.17,26.528914725672877,20.4,41.7,93.28085912698414,99.9,-49.819302536231895,-52.0,578.0,71.0,24.0,2.0,22.0,0.0,0.0,100.0,12.3,8.3,0.192,False
2024-06-28,3.527333333333333,4.57,3.4299999999999997,8.967333333333332,20.15,28.579284722222223,23.1,41.8,94.9400486111111,99.9,-50.10715277777778,-52.0,587.0,15.0,24.0,0.0,24.0,0.0,0.0,100.0,2.6,0.0,0.393,False
2024-06-29,5.25,5.25,5.25,6.2,6.2,28.480047101449276,24.2,36.1,99.0517161835749,99.9,-49.99805555555556,-52.0,585.0,1.0,24.0,0.0,24.0,0.0,0.0,100.0,0.2,0.0,0.847,False
2024-06-30,1.7672881355932206,2.95,1.98,6.533389830508475,13.73,28.75749335748792,25.1,42.8,89.80070984299516,99.9,-49.96255736714976,-52.0,580.0,59.0,24.0,3.0,21.0,0.0,0.0,100.0,10.2,12.5,0.271,False
2024-07-01,6.833333333333333,14.55,3.8,55.870000000000005,141.43,26.657967779503107,22.4,35.8,94.16871618357489,99.9,-49.979990942028984,-52.0,570.0,3.0,24.0,0.0,24.0,0.0,0.0,100.0,0.5,0.0,0.122,False
2024-07-02,0.8651948051948051,2.78,1.05,2.8158441558441556,9.55,26.01641348265261,21.3,38.8,88.92364396684233,99.9,-49.28445048309178,-52.0,587.0,77.0,24.0,3.0,21.0,0.0,0.0,100.0,13.1,12.5,0.307,False
2024-07-03,1.805,2.33,1.75,5.21,6.95,22.76873024499655,20.5,24.8,99.51604166666668,99.9,-49.628888888888895,-52.0,584.0,6.0,24.0,0.0,24.0,0.0,0.0,100.0,1.0,0.0,0.346,False
2024-07-04,1.046470588235294,2.6,0.9775,3.9962745098039214,8.93,24.599402613087392,19.6,36.2,93.27725568181818,99.9,-49.32270833333333,-53.0,585.0,51.0,24.0,1.0,23.0,0.0,0.0,100.0,8.7,4.2,0.262,False
2024-07-05,1.4133333333333333,2.9,1.4,4.12,7.78,26.16935118263379,21.3,36.1,95.51299002838948,99.9,-49.594390096618355,-53.0,583.0,12.0,24.0,0.0,24.0,0.0,0.0,100.0,2.1,0.0,0.343,False
2024-07-06,1.4886956521739128,11.32,1.38,5.114891304347826,19.35,27.67142714280486,22.0,42.5,87.69730677243449,99.9,-49.78732789855072,-52.0,583.0,92.0,24.0,3.0,21.0,0.0,0.0,100.0,15.8,12.5,0.291,False
2024-07-07,,,,,,24.523972222222223,23.7,25.9,91.63361111111112,95.8,-49.68666666666667,-51.0,125.0,0.0,6.0,0.0,5.0,0.0,18.0,23.1,0.0,0.0,,False
2024-07-08,,,,,,,,,,,,,0.0,0.0,0.0,0.0,0.0,0.0,24.0,0.0,,0.0,,False
2024-07-09,,,,,,26.899777777777775,26.4,27.3,99.90000000000002,99.9,-50.437777777777775,-52.0,53.0,0.0,3.0,0.0,2.0,0.0,21.0,9.8,0.0,0.0,,False
2024-07-10,5.4758267716535425,8.52,5.43,12.346299212598428,43.25,30.449811978480454,25.2,43.8,87.95008725845412,99.9,-50.481875,-53.0,582.0,127.0,24.0,5.0,19.0,0.0,0.0,100.0,21.8,20.8,0.444,False
2024-07-11,4.921720430107526,8.07,4.88,10.846129032258066,25.15,31.071358676046174,26.3,44.0,84.55243542568543,99.9,-49.755132850241544,-53.0,582.0,93.0,24.0,3.0,21.0,0.0,0.0,100.0,16.0,12.5,0.454,False
2024-07-12,4.057142857142857,5.05,4.33,12.027142857142858,27.67,30.033756642512078,26.4,36.8,88.29340126811594,97.3,-49.611180555555556,-54.0,583.0,7.0,24.0,0.0,24.0,0.0,0.0,100.0,1.2,0.0,0.337,False
2024-07-13,3.2691666666666666,6.35,3.33,9.295833333333333,13.52,29.47998097826087,25.9,40.7,86.33759148550725,99.0,-49.29208333333333,-52.0,587.0,24.0,24.0,0.0,24.0,0.0,0.0,100.0,4.1,0.0,0.352,False
2024-07-14,1.2212755102040818,10.65,1.2149999999999999,4.174336734693878,20.02,29.10187258454106,24.5,40.7,74.47701177536231,90.4,-49.566875,-52.0,583.0,196.0,24.0,7.0,17.0,0.0,0.0,100.0,33.6,29.2,0.293,False
2024-07-15,2.4499999999999997,2.9,2.4,5.786666666666666,6.55,27.418525984049396,24.9,32.0,85.60783753537432,90.3,-49.63920118343196,-52.0,290.0,3.0,13.0,0.0,12.0,0.0,11.0,53.6,1.0,0.0,0.423,False
2024-07-16,2.121367924528302,4.78,2.0,7.058349056603774,25.55,30.6105202294686,25.1,44.4,71.64218840579711,84.2,-50.17069444444444,-53.0,584.0,212.0,24.0,8.0,16.0,0.0,0.0,100.0,36.3,33.3,0.301,False
2024-07-17,2.405987261146497,5.72,2.5,6.687452229299364,33.9,30.95639723320158,26.2,43.0,75.39855906895038,88.0,-50.20520833333333,-52.0,583.0,157.0,24.0,6.0,18.0,0.0,0.0,100.0,26.9,25.0,0.36,False
2024-07-18,4.082882882882883,11.38,4.1674999999999995,11.771441441441441,60.4,30.915340854194113,25.6,44.1,77.95757688296003,91.2,-50.34281400966184,-52.0,584.0,111.0,24.0,4.0,20.0,0.0,0.0,100.0,19.0,16.7,0.347,False
2024-07-19,6.186714285714285,8.8,6.657500000000001,10.734142857142857,27.85,30.636541803908653,26.4,44.0,85.86339086517347,94.9,-50.50111111111111,-52.0,585.0,70.0,24.0,2.0,22.0,0.0,0.0,100.0,12.0,8.3,0.576,False
2024-07-20,2.8375862068965514,6.85,3.0250000000000004,4.531724137931035,11.3,28.194341787439612,21.1,41.1,92.82600000000001,99.9,-50.6901690821256,-55.0,584.0,58.0,24.0,2.0,22.0,0.0,0.0,100.0,9.9,8.3,0.626,False
2024-07-21,4.6206249999999995,7.18,4.4350000000000005,6.59,10.95,29.54076937856829,24.3,41.3,96.35767171717173,99.9,-50.35320048309179,-53.0,584.0,16.0,24.0,0.0,24.0,0.0,0.0,100.0,2.7,0.0,0.701,False
2024-07-22,7.333000000000001,12.23,7.692500000000001,14.078999999999999,21.88,28.456895966654116,25.3,38.9,99.73928571428571,99.9,-50.146132246376816,-52.0,585.0,10.0,24.0,0.0,24.0,0.0,0.0,100.0,1.7,0.0,0.521,False
2024-07-23,2.91984126984127,4.32,3.315,6.396349206349207,17.7,29.652459403820814,24.7,42.0,92.20344524044795,99.9,-50.03808876811595,-52.0,577.0,63.0,24.0,2.0,22.0,0.0,0.0,100.0,10.9,8.3,0.456,False
2024-07-24,2.941111111111111,7.7,2.8375000000000004,6.0713888888888885,10.5,29.90871901075977,25.7,40.6,93.09872864514712,99.9,-50.30902777777778,-53.0,585.0,36.0,24.0,1.0,23.0,0.0,0.0,100.0,6.2,4.2,0.484,False
2024-07-25,2.1847826086956523,8.77,1.7349999999999999,5.815652173913043,26.33,28.87259222661397,25.0,39.3,93.7147286451471,99.9,-50.17189915458937,-52.0,581.0,23.0,24.0,0.0,24.0,0.0,0.0,100.0,4.0,0.0,0.376,False
2024-07-26,1.4195098039215686,8.38,1.48,4.855294117647059,17.98,29.821955321852062,24.1,42.7,84.75688691260432,99.9,-50.05887681159421,-52.0,580.0,102.0,24.0,3.0,21.0,0.0,0.0,100.0,17.6,12.5,0.292,False
2024-07-27,2.438840579710145,5.75,2.45,6.286666666666666,21.2,30.345693373956962,25.4,44.8,92.04479402722882,99.9,-50.18536533816425,-54.0,575.0,69.0,24.0,2.0,22.0,0.0,0.0,100.0,12.0,8.3,0.388,False
2024-07-28,3.5809890109890112,4.6,3.7075000000000005,7.296593406593407,10.85,31.26451528875714,26.2,42.5,85.8536334266579,99.9,-49.64174214975845,-52.0,581.0,91.0,24.0,3.0,21.0,0.0,0.0,100.0,15.7,12.5,0.491,False
2024-07-29,3.464166666666667,4.3,3.38,7.925833333333334,13.38,29.955038153271847,26.0,41.5,95.26728557312254,99.9,-49.748532608695655,-52.0,584.0,12.0,24.0,0.0,24.0,0.0,0.0,100.0,2.1,0.0,0.437,False
2024-07-30,2.7989915966386554,4.97,2.9375,6.3223529411764705,11.5,30.394190366396888,26.1,42.3,85.23778978449086,99.9,-49.97775584795321,-52.0,573.0,119.0,24.0,5.0,19.0,0.0,0.0,100.0,20.8,20.8,0.443,False
2024-07-31,4.708157894736842,6.55,4.7,8.912894736842103,26.08,31.00330854350963,25.8,43.6,85.16182135014742,96.9,-49.7198998133509,-52.0,580.0,76.0,24.0,3.0,21.0,0.0,0.0,100.0,13.1,12.5,0.528,False
2024-08-01,7.678153846153846,10.35,7.65,13.237846153846155,41.35,31.08740560496267,25.9,44.2,86.55752088823014,99.9,-49.89359299516908,-54.0,578.0,65.0,24.0,3.0,21.0,0.0,0.0,100.0,11.2,12.5,0.58,False
2024-08-02,6.844444444444445,8.55,6.9625,12.132222222222223,18.6,29.332618733923084,24.8,41.3,96.93844159765355,99.9,-49.78875301932368,-54.0,580.0,9.0,24.0,0.0,24.0,0.0,0.0,100.0,1.6,0.0,0.564,False
2024-08-03,5.012500000000001,9.05,4.075,9.8725,18.83,29.361811923583662,25.1,39.7,95.91795869565217,99.9,-50.22312318840579,-52.0,472.0,4.0,20.0,0.0,20.0,0.0,4.0,87.2,0.8,0.0,0.508,False
2024-08-04,,,,,,,,,,,,,0.0,0.0,0.0,0.0,0.0,0.0,24.0,0.0,,0.0,,False
2024-08-05,,,,,,,,,,,,,0.0,0.0,0.0,0.0,0.0,0.0,24.0,0.0,,0.0,,False
2024-08-06,,,,,,,,,,,,,0.0,0.0,0.0,0.0,0.0,0.0,24.0,0.0,,0.0,,False
2024-08-07,,,,,,,,,,,,,0.0,0.0,0.0,0.0,0.0,0.0,24.0,0.0,,0.0,,False
2024-08-08,,,,,,,,,,,,,0.0,0.0,0.0,0.0,0.0,0.0,24.0,0.0,,0.0,,False
2024-08-09,,,,,,,,,,,,,0.0,0.0,0.0,0.0,0.0,0.0,24.0,0.0,,0.0,,False
2024-08-10,,,,,,,,,,,,,0.0,0.0,0.0,0.0,0.0,0.0,24.0,0.0,,0.0,,False
2024-08-11,,,,,,,,,,,,,0.0,0.0,0.0,0.0,0.0,0.0,24.0,0.0,,0.0,,False
2024-08-12,,,,,,,,,,,,,0.0,0.0,0.0,0.0,0.0,0.0,24.0,0.0,,0.0,,False
2024-08-13,,,,,,,,,,,,,0.0,0.0,0.0,0.0,0.0,0.0,24.0,0.0,,0.0,,False
2024-08-14,,,,,,,,,,,,,0.0,0.0,0.0,0.0,0.0,0.0,24.0,0.0,,0.0,,False
2024-08-15,,,,,,,,,,,,,0.0,0.0,0.0,0.0,0.0,0.0,24.0,0.0,,0.0,,False
2024-08-16,,,,,,,,,,,,,0.0,0.0,0.0,0.0,0.0,0.0,24.0,0.0,,0.0,,False
2024-08-17,,,,,,,,,,,,,0.0,0.0,0.0,0.0,0.0,0.0,24.0,0.0,,0.0,,False
2024-08-18,,,,,,,,,,,-54.35270833333333,-57.0,0.0,0.0,0.0,0.0,0.0,0.0,24.0,0.0,,0.0,,False
2024-08-19,,,,,,,,,,,-53.8370440821256,-57.0,0.0,0.0,0.0,0.0,0.0,0.0,24.0,0.0,,0.0,,False
2024-08-20,,,,,,,,,,,-53.87436676548089,-55.0,0.0,0.0,0.0,0.0,0.0,0.0,24.0,0.0,,0.0,,False
2024-08-21,,,,,,,,,,,-51.70026515151515,-56.0,0.0,0.0,0.0,0.0,0.0,0.0,24.0,0.0,,0.0,,False
2024-08-22,,,,,,,,,,,-45.171081349206354,-50.0,0.0,0.0,0.0,0.0,0.0,0.0,24.0,0.0,,0.0,,False
2024-08-23,,,,,,,,,,,-45.37298611111111,-49.0,0.0,0.0,0.0,0.0,0.0,0.0,24.0,0.0,,0.0,,False
2024-08-24,,,,,,,,,,,-45.11493055555555,-49.0,0.0,0.0,0.0,0.0,0.0,0.0,24.0,0.0,,0.0,,False
2024-08-25,,,,,,,,,,,-45.19238095238096,-49.0,0.0,0.0,0.0,0.0,0.0,0.0,24.0,0.0,,0.0,,False
2024-08-26,,,,,,,,,,,,,0.0,0.0,0.0,0.0,0.0,0.0,24.0,0.0,,0.0,,False
2024-08-27,,,,,,,,,,,,,0.0,0.0,0.0,0.0,0.0,0.0,24.0,0.0,,0.0,,False
2024-08-28,,,,,,,,,,,,,0.0,0.0,0.0,0.0,0.0,0.0,24.0,0.0,,0.0,,False
2024-08-29,,,,,,,,,,,,,0.0,0.0,0.0,0.0,0.0,0.0,24.0,0.0,,0.0,,False
2024-08-30,,,,,,,,,,,,,0.0,0.0,0.0,0.0,0.0,0.0,24.0,0.0,,0.0,,False
2024-08-31,,,,,,,,,,,,,0.0,0.0,0.0,0.0,0.0,0.0,24.0,0.0,,0.0,,False
2024-09-01,,,,,,,,,,,,,0.0,0.0,0.0,0.0,0.0,0.0,24.0,0.0,,0.0,,False
2024-09-02,,,,,,,,,,,,,0.0,0.0,0.0,0.0,0.0,0.0,24.0,0.0,,0.0,,False
2024-09-03,,,,,,,,,,,,,0.0,0.0,0.0,0.0,0.0,0.0,24.0,0.0,,0.0,,False
2024-09-04,,,,,,,,,,,,,0.0,0.0,0.0,0.0,0.0,0.0,24.0,0.0,,0.0,,False
2024-09-05,,,,,,,,,,,,,0.0,0.0,0.0,0.0,0.0,0.0,24.0,0.0,,0.0,,False
2024-09-06,,,,,,,,,,,,,0.0,0.0,0.0,0.0,0.0,0.0,24.0,0.0,,0.0,,False
2024-09-07,,,,,,,,,,,,,0.0,0.0,0.0,0.0,0.0,0.0,24.0,0.0,,0.0,,False
2024-09-08,,,,,,,,,,,,,0.0,0.0,0.0,0.0,0.0,0.0,24.0,0.0,,0.0,,False
2024-09-09,,,,,,,,,,,,,0.0,0.0,0.0,0.0,0.0,0.0,24.0,0.0,,0.0,,False
2024-09-10,,,,,,,,,,,,,0.0,0.0,0.0,0.0,0.0,0.0,24.0,0.0,,0.0,,False
2024-09-11,,,,,,,,,,,,,0.0,0.0,0.0,0.0,0.0,0.0,24.0,0.0,,0.0,,False
2024-09-12,,,,,,,,,,,,,0.0,0.0,0.0,0.0,0.0,0.0,24.0,0.0,,0.0,,False
2024-09-13,,,,,,,,,,,,,0.0,0.0,0.0,0.0,0.0,0.0,24.0,0.0,,0.0,,False
2024-09-14,,,,,,,,,,,,,0.0,0.0,0.0,0.0,0.0,0.0,24.0,0.0,,0.0,,False
2024-09-15,,,,,,,,,,,,,0.0,0.0,0.0,0.0,0.0,0.0,24.0,0.0,,0.0,,False
2024-09-16,,,,,,,,,,,,,0.0,0.0,0.0,0.0,0.0,0.0,24.0,0.0,,0.0,,False
2024-09-17,,,,,,,,,,,,,0.0,0.0,0.0,0.0,0.0,0.0,24.0,0.0,,0.0,,False
2024-09-18,,,,,,,,,,,,,0.0,0.0,0.0,0.0,0.0,0.0,24.0,0.0,,0.0,,False
2024-09-19,,,,,,,,,,,,,0.0,0.0,0.0,0.0,0.0,0.0,24.0,0.0,,0.0,,False
2024-09-20,,,,,,,,,,,,,0.0,0.0,0.0,0.0,0.0,0.0,24.0,0.0,,0.0,,False
2024-09-21,,,,,,,,,,,,,0.0,0.0,0.0,0.0,0.0,0.0,24.0,0.0,,0.0,,False
2024-09-22,,,,,,,,,,,,,0.0,0.0,0.0,0.0,0.0,0.0,24.0,0.0,,0.0,,False
2024-09-23,,,,,,,,,,,,,0.0,0.0,0.0,0.0,0.0,0.0,24.0,0.0,,0.0,,False
2024-09-24,,,,,,,,,,,,,0.0,0.0,0.0,0.0,0.0,0.0,24.0,0.0,,0.0,,False
2024-09-25,,,,,,,,,,,,,0.0,0.0,0.0,0.0,0.0,0.0,24.0,0.0,,0.0,,False
2024-09-26,,,,,,,,,,,,,0.0,0.0,0.0,0.0,0.0,0.0,24.0,0.0,,0.0,,False
2024-09-27,,,,,,,,,,,,,0.0,0.0,0.0,0.0,0.0,0.0,24.0,0.0,,0.0,,False
2024-09-28,,,,,,,,,,,,,0.0,0.0,0.0,0.0,0.0,0.0,24.0,0.0,,0.0,,False
2024-09-29,,,,,,,,,,,,,0.0,0.0,0.0,0.0,0.0,0.0,24.0,0.0,,0.0,,False
2024-09-30,,,,,,,,,,,,,0.0,0.0,0.0,0.0,0.0,0.0,24.0,0.0,,0.0,,False
2024-10-01,,,,,,,,,,,,,0.0,0.0,0.0,0.0,0.0,0.0,24.0,0.0,,0.0,,False
2024-10-02,,,,,,,,,,,,,0.0,0.0,0.0,0.0,0.0,0.0,24.0,0.0,,0.0,,False
2024-10-03,,,,,,,,,,,,,0.0,0.0,0.0,0.0,0.0,0.0,24.0,0.0,,0.0,,False
2024-10-04,,,,,,,,,,,,,0.0,0.0,0.0,0.0,0.0,0.0,24.0,0.0,,0.0,,False
2024-10-05,,,,,,,,,,,,,0.0,0.0,0.0,0.0,0.0,0.0,24.0,0.0,,0.0,,False
2024-10-06,,,,,,,,,,,,,0.0,0.0,0.0,0.0,0.0,0.0,24.0,0.0,,0.0,,False
2024-10-07,,,,,,,,,,,,,0.0,0.0,0.0,0.0,0.0,0.0,24.0,0.0,,0.0,,False
2024-10-08,,,,,,,,,,,,,0.0,0.0,0.0,0.0,0.0,0.0,24.0,0.0,,0.0,,False
2024-10-09,,,,,,,,,,,,,0.0,0.0,0.0,0.0,0.0,0.0,24.0,0.0,,0.0,,False
2024-10-10,,,,,,,,,,,,,0.0,0.0,0.0,0.0,0.0,0.0,24.0,0.0,,0.0,,False
2024-10-11,,,,,,,,,,,,,0.0,0.0,0.0,0.0,0.0,0.0,24.0,0.0,,0.0,,False
2024-10-12,,,,,,,,,,,,,0.0,0.0,0.0,0.0,0.0,0.0,24.0,0.0,,0.0,,False
2024-10-13,,,,,,,,,,,,,0.0,0.0,0.0,0.0,0.0,0.0,24.0,0.0,,0.0,,False
2024-10-14,,,,,,,,,,,,,0.0,0.0,0.0,0.0,0.0,0.0,24.0,0.0,,0.0,,False
2024-10-15,,,,,,,,,,,,,0.0,0.0,0.0,0.0,0.0,0.0,24.0,0.0,,0.0,,False
2024-10-16,,,,,,,,,,,,,0.0,0.0,0.0,0.0,0.0,0.0,24.0,0.0,,0.0,,False
2024-10-17,,,,,,,,,,,,,0.0,0.0,0.0,0.0,0.0,0.0,24.0,0.0,,0.0,,False
2024-10-18,,,,,,,,,,,,,0.0,0.0,0.0,0.0,0.0,0.0,24.0,0.0,,0.0,,False
2024-10-19,,,,,,,,,,,,,0.0,0.0,0.0,0.0,0.0,0.0,24.0,0.0,,0.0,,False
2024-10-20,,,,,,,,,,,,,0.0,0.0,0.0,0.0,0.0,0.0,24.0,0.0,,0.0,,False
2024-10-21,,,,,,,,,,,,,0.0,0.0,0.0,0.0,0.0,0.0,24.0,0.0,,0.0,,False
2024-10-22,,,,,,,,,,,,,0.0,0.0,0.0,0.0,0.0,0.0,24.0,0.0,,0.0,,False
2024-10-23,,,,,,,,,,,,,0.0,0.0,0.0,0.0,0.0,0.0,24.0,0.0,,0.0,,False
2024-10-24,,,,,,,,,,,,,0.0,0.0,0.0,0.0,0.0,0.0,24.0,0.0,,0.0,,False
2024-10-25,,,,,,,,,,,,,0.0,0.0,0.0,0.0,0.0,0.0,24.0,0.0,,0.0,,False
2024-10-26,,,,,,,,,,,,,0.0,0.0,0.0,0.0,0.0,0.0,24.0,0.0,,0.0,,False
2024-10-27,,,,,,,,,,,,,0.0,0.0,0.0,0.0,0.0,0.0,24.0,0.0,,0.0,,False
2024-10-28,,,,,,,,,,,,,0.0,0.0,0.0,0.0,0.0,0.0,24.0,0.0,,0.0,,False
2024-10-29,,,,,,,,,,,,,0.0,0.0,0.0,0.0,0.0,0.0,24.0,0.0,,0.0,,False
2024-10-30,,,,,,,,,,,,,0.0,0.0,0.0,0.0,0.0,0.0,24.0,0.0,,0.0,,False
2024-10-31,,,,,,,,,,,,,0.0,0.0,0.0,0.0,0.0,0.0,24.0,0.0,,0.0,,False
2024-11-01,,,,,,,,,,,,,0.0,0.0,0.0,0.0,0.0,0.0,24.0,0.0,,0.0,,False
2024-11-02,,,,,,,,,,,,,0.0,0.0,0.0,0.0,0.0,0.0,24.0,0.0,,0.0,,False
2024-11-03,,,,,,,,,,,,,0.0,0.0,0.0,0.0,0.0,0.0,24.0,0.0,,0.0,,False
2024-11-04,,,,,,,,,,,,,0.0,0.0,0.0,0.0,0.0,0.0,24.0,0.0,,0.0,,False
2024-11-05,,,,,,,,,,,,,0.0,0.0,0.0,0.0,0.0,0.0,24.0,0.0,,0.0,,False
2024-11-06,,,,,,,,,,,,,0.0,0.0,0.0,0.0,0.0,0.0,24.0,0.0,,0.0,,False
2024-11-07,,,,,,,,,,,,,0.0,0.0,0.0,0.0,0.0,0.0,24.0,0.0,,0.0,,False
2024-11-08,,,,,,,,,,,,,0.0,0.0,0.0,0.0,0.0,0.0,24.0,0.0,,0.0,,False
2024-11-09,,,,,,,,,,,,,0.0,0.0,0.0,0.0,0.0,0.0,24.0,0.0,,0.0,,False
2024-11-10,,,,,,,,,,,,,0.0,0.0,0.0,0.0,0.0,0.0,24.0,0.0,,0.0,,False
2024-11-11,,,,,,,,,,,,,0.0,0.0,0.0,0.0,0.0,0.0,24.0,0.0,,0.0,,False
2024-11-12,,,,,,,,,,,,,0.0,0.0,0.0,0.0,0.0,0.0,24.0,0.0,,0.0,,False
2024-11-13,,,,,,,,,,,,,0.0,0.0,0.0,0.0,0.0,0.0,24.0,0.0,,0.0,,False
2024-11-14,,,,,,,,,,,,,0.0,0.0,0.0,0.0,0.0,0.0,24.0,0.0,,0.0,,False
2024-11-15,,,,,,,,,,,,,0.0,0.0,0.0,0.0,0.0,0.0,24.0,0.0,,0.0,,False
2024-11-16,,,,,,,,,,,,,0.0,0.0,0.0,0.0,0.0,0.0,24.0,0.0,,0.0,,False
2024-11-17,,,,,,,,,,,,,0.0,0.0,0.0,0.0,0.0,0.0,24.0,0.0,,0.0,,False
2024-11-18,,,,,,,,,,,,,0.0,0.0,0.0,0.0,0.0,0.0,24.0,0.0,,0.0,,False
2024-11-19,,,,,,,,,,,,,0.0,0.0,0.0,0.0,0.0,0.0,24.0,0.0,,0.0,,False
2024-11-20,,,,,,,,,,,,,0.0,0.0,0.0,0.0,0.0,0.0,24.0,0.0,,0.0,,False
2024-11-21,,,,,,,,,,,,,0.0,0.0,0.0,0.0,0.0,0.0,24.0,0.0,,0.0,,False
2024-11-22,,,,,,,,,,,,,0.0,0.0,0.0,0.0,0.0,0.0,24.0,0.0,,0.0,,False
2024-11-23,,,,,,,,,,,,,0.0,0.0,0.0,0.0,0.0,0.0,24.0,0.0,,0.0,,False
2024-11-24,,,,,,,,,,,,,0.0,0.0,0.0,0.0,0.0,0.0,24.0,0.0,,0.0,,False
2024-11-25,,,,,,,,,,,,,0.0,0.0,0.0,0.0,0.0,0.0,24.0,0.0,,0.0,,False
2024-11-26,,,,,,,,,,,,,0.0,0.0,0.0,0.0,0.0,0.0,24.0,0.0,,0.0,,False
2024-11-27,,,,,,,,,,,,,0.0,0.0,0.0,0.0,0.0,0.0,24.0,0.0,,0.0,,False
2024-11-28,,,,,,,,,,,,,0.0,0.0,0.0,0.0,0.0,0.0,24.0,0.0,,0.0,,False
2024-11-29,,,,,,,,,,,,,0.0,0.0,0.0,0.0,0.0,0.0,24.0,0.0,,0.0,,False
2024-11-30,,,,,,,,,,,,,0.0,0.0,0.0,0.0,0.0,0.0,24.0,0.0,,0.0,,False
2024-12-01,,,,,,,,,,,,,0.0,0.0,0.0,0.0,0.0,0.0,24.0,0.0,,0.0,,False
2024-12-02,,,,,,,,,,,,,0.0,0.0,0.0,0.0,0.0,0.0,24.0,0.0,,0.0,,False
2024-12-03,,,,,,,,,,,,,0.0,0.0,0.0,0.0,0.0,0.0,24.0,0.0,,0.0,,False
2024-12-04,,,,,,,,,,,,,0.0,0.0,0.0,0.0,0.0,0.0,24.0,0.0,,0.0,,False
2024-12-05,,,,,,,,,,,,,0.0,0.0,0.0,0.0,0.0,0.0,24.0,0.0,,0.0,,False
2024-12-06,,,,,,,,,,,,,0.0,0.0,0.0,0.0,0.0,0.0,24.0,0.0,,0.0,,False
2024-12-07,,,,,,,,,,,,,0.0,0.0,0.0,0.0,0.0,0.0,24.0,0.0,,0.0,,False
2024-12-08,,,,,,,,,,,,,0.0,0.0,0.0,0.0,0.0,0.0,24.0,0.0,,0.0,,False
2024-12-09,,,,,,,,,,,,,0.0,0.0,0.0,0.0,0.0,0.0,24.0,0.0,,0.0,,False
2024-12-10,,,,,,,,,,,,,0.0,0.0,0.0,0.0,0.0,0.0,24.0,0.0,,0.0,,False
2024-12-11,,,,,,,,,,,,,0.0,0.0,0.0,0.0,0.0,0.0,24.0,0.0,,0.0,,False
2024-12-12,,,,,,,,,,,,,0.0,0.0,0.0,0.0,0.0,0.0,24.0,0.0,,0.0,,False
2024-12-13,,,,,,,,,,,,,0.0,0.0,0.0,0.0,0.0,0.0,24.0,0.0,,0.0,,False
2024-12-14,,,,,,,,,,,,,0.0,0.0,0.0,0.0,0.0,0.0,24.0,0.0,,0.0,,False
2024-12-15,,,,,,,,,,,,,0.0,0.0,0.0,0.0,0.0,0.0,24.0,0.0,,0.0,,False
2024-12-16,,,,,,,,,,,,,0.0,0.0,0.0,0.0,0.0,0.0,24.0,0.0,,0.0,,False
2024-12-17,,,,,,,,,,,,,0.0,0.0,0.0,0.0,0.0,0.0,24.0,0.0,,0.0,,False
2024-12-18,,,,,,,,,,,,,0.0,0.0,0.0,0.0,0.0,0.0,24.0,0.0,,0.0,,False
2024-12-19,,,,,,,,,,,,,0.0,0.0,0.0,0.0,0.0,0.0,24.0,0.0,,0.0,,False
2024-12-20,,,,,,,,,,,,,0.0,0.0,0.0,0.0,0.0,0.0,24.0,0.0,,0.0,,False
2024-12-21,,,,,,,,,,,,,0.0,0.0,0.0,0.0,0.0,0.0,24.0,0.0,,0.0,,False
2024-12-22,,,,,,,,,,,,,0.0,0.0,0.0,0.0,0.0,0.0,24.0,0.0,,0.0,,False
2024-12-23,,,,,,,,,,,,,0.0,0.0,0.0,0.0,0.0,0.0,24.0,0.0,,0.0,,False
2024-12-24,,,,,,,,,,,,,0.0,0.0,0.0,0.0,0.0,0.0,24.0,0.0,,0.0,,False
2024-12-25,,,,,,,,,,,,,0.0,0.0,0.0,0.0,0.0,0.0,24.0,0.0,,0.0,,False
2024-12-26,,,,,,,,,,,,,0.0,0.0,0.0,0.0,0.0,0.0,24.0,0.0,,0.0,,False
2024-12-27,,,,,,,,,,,,,0.0,0.0,0.0,0.0,0.0,0.0,24.0,0.0,,0.0,,False
2024-12-28,,,,,,,,,,,,,0.0,0.0,0.0,0.0,0.0,0.0,24.0,0.0,,0.0,,False
2024-12-29,,,,,,,,,,,,,0.0,0.0,0.0,0.0,0.0,0.0,24.0,0.0,,0.0,,False
2024-12-30,,,,,,,,,,,,,0.0,0.0,0.0,0.0,0.0,0.0,24.0,0.0,,0.0,,False
2024-12-31,,,,,,,,,,,,,0.0,0.0,0.0,0.0,0.0,0.0,24.0,0.0,,0.0,,False
2025-01-01,,,,,,,,,,,,,0.0,0.0,0.0,0.0,0.0,0.0,24.0,0.0,,0.0,,False
2025-01-02,,,,,,,,,,,,,0.0,0.0,0.0,0.0,0.0,0.0,24.0,0.0,,0.0,,False
2025-01-03,,,,,,,,,,,,,0.0,0.0,0.0,0.0,0.0,0.0,24.0,0.0,,0.0,,False
2025-01-04,,,,,,,,,,,,,0.0,0.0,0.0,0.0,0.0,0.0,24.0,0.0,,0.0,,False
2025-01-05,,,,,,,,,,,,,0.0,0.0,0.0,0.0,0.0,0.0,24.0,0.0,,0.0,,False
2025-01-06,,,,,,,,,,,,,0.0,0.0,0.0,0.0,0.0,0.0,24.0,0.0,,0.0,,False
2025-01-07,,,,,,,,,,,,,0.0,0.0,0.0,0.0,0.0,0.0,24.0,0.0,,0.0,,False
2025-01-08,,,,,,,,,,,,,0.0,0.0,0.0,0.0,0.0,0.0,24.0,0.0,,0.0,,False
2025-01-09,,,,,,,,,,,,,0.0,0.0,0.0,0.0,0.0,0.0,24.0,0.0,,0.0,,False
2025-01-10,,,,,,,,,,,,,0.0,0.0,0.0,0.0,0.0,0.0,24.0,0.0,,0.0,,False
2025-01-11,,,,,,,,,,,,,0.0,0.0,0.0,0.0,0.0,0.0,24.0,0.0,,0.0,,False
2025-01-12,,,,,,,,,,,,,0.0,0.0,0.0,0.0,0.0,0.0,24.0,0.0,,0.0,,False
2025-01-13,,,,,,,,,,,,,0.0,0.0,0.0,0.0,0.0,0.0,24.0,0.0,,0.0,,False
2025-01-14,,,,,,,,,,,,,0.0,0.0,0.0,0.0,0.0,0.0,24.0,0.0,,0.0,,False
2025-01-15,,,,,,,,,,,,,0.0,0.0,0.0,0.0,0.0,0.0,24.0,0.0,,0.0,,False
2025-01-16,,,,,,,,,,,,,0.0,0.0,0.0,0.0,0.0,0.0,24.0,0.0,,0.0,,False
2025-01-17,,,,,,,,,,,,,0.0,0.0,0.0,0.0,0.0,0.0,24.0,0.0,,0.0,,False
2025-01-18,,,,,,,,,,,,,0.0,0.0,0.0,0.0,0.0,0.0,24.0,0.0,,0.0,,False
2025-01-19,,,,,,,,,,,,,0.0,0.0,0.0,0.0,0.0,0.0,24.0,0.0,,0.0,,False
2025-01-20,,,,,,,,,,,,,0.0,0.0,0.0,0.0,0.0,0.0,24.0,0.0,,0.0,,False
2025-01-21,,,,,,,,,,,,,0.0,0.0,0.0,0.0,0.0,0.0,24.0,0.0,,0.0,,False
2025-01-22,,,,,,,,,,,,,0.0,0.0,0.0,0.0,0.0,0.0,24.0,0.0,,0.0,,False
2025-01-23,,,,,,,,,,,,,0.0,0.0,0.0,0.0,0.0,0.0,24.0,0.0,,0.0,,False
2025-01-24,,,,,,,,,,,,,0.0,0.0,0.0,0.0,0.0,0.0,24.0,0.0,,0.0,,False
2025-01-25,,,,,,,,,,,,,0.0,0.0,0.0,0.0,0.0,0.0,24.0,0.0,,0.0,,False
2025-01-26,,,,,,,,,,,,,0.0,0.0,0.0,0.0,0.0,0.0,24.0,0.0,,0.0,,False
2025-01-27,,,,,,,,,,,,,0.0,0.0,0.0,0.0,0.0,0.0,24.0,0.0,,0.0,,False
2025-01-28,,,,,,,,,,,,,0.0,0.0,0.0,0.0,0.0,0.0,24.0,0.0,,0.0,,False
2025-01-29,,,,,,,,,,,,,0.0,0.0,0.0,0.0,0.0,0.0,24.0,0.0,,0.0,,False
2025-01-30,,,,,,,,,,,,,0.0,0.0,0.0,0.0,0.0,0.0,24.0,0.0,,0.0,,False
2025-01-31,,,,,,,,,,,,,0.0,0.0,0.0,0.0,0.0,0.0,24.0,0.0,,0.0,,False
2025-02-01,,,,,,,,,,,,,0.0,0.0,0.0,0.0,0.0,0.0,24.0,0.0,,0.0,,False
2025-02-02,,,,,,,,,,,,,0.0,0.0,0.0,0.0,0.0,0.0,24.0,0.0,,0.0,,False
2025-02-03,,,,,,,,,,,,,0.0,0.0,0.0,0.0,0.0,0.0,24.0,0.0,,0.0,,False
2025-02-04,,,,,,,,,,,,,0.0,0.0,0.0,0.0,0.0,0.0,24.0,0.0,,0.0,,False
2025-02-05,,,,,,,,,,,,,0.0,0.0,0.0,0.0,0.0,0.0,24.0,0.0,,0.0,,False
2025-02-06,,,,,,,,,,,,,0.0,0.0,0.0,0.0,0.0,0.0,24.0,0.0,,0.0,,False
2025-02-07,,,,,,,,,,,,,0.0,0.0,0.0,0.0,0.0,0.0,24.0,0.0,,0.0,,False
2025-02-08,,,,,,,,,,,,,0.0,0.0,0.0,0.0,0.0,0.0,24.0,0.0,,0.0,,False
2025-02-09,,,,,,,,,,,,,0.0,0.0,0.0,0.0,0.0,0.0,24.0,0.0,,0.0,,False
2025-02-10,,,,,,,,,,,,,0.0,0.0,0.0,0.0,0.0,0.0,24.0,0.0,,0.0,,False
2025-02-11,,,,,,,,,,,,,0.0,0.0,0.0,0.0,0.0,0.0,24.0,0.0,,0.0,,False
2025-02-12,,,,,,,,,,,,,0.0,0.0,0.0,0.0,0.0,0.0,24.0,0.0,,0.0,,False
2025-02-13,,,,,,,,,,,,,0.0,0.0,0.0,0.0,0.0,0.0,24.0,0.0,,0.0,,False
2025-02-14,,,,,,,,,,,,,0.0,0.0,0.0,0.0,0.0,0.0,24.0,0.0,,0.0,,False
2025-02-15,,,,,,,,,,,,,0.0,0.0,0.0,0.0,0.0,0.0,24.0,0.0,,0.0,,False
2025-02-16,,,,,,,,,,,,,0.0,0.0,0.0,0.0,0.0,0.0,24.0,0.0,,0.0,,False
2025-02-17,,,,,,,,,,,,,0.0,0.0,0.0,0.0,0.0,0.0,24.0,0.0,,0.0,,False
2025-02-18,,,,,,,,,,,,,0.0,0.0,0.0,0.0,0.0,0.0,24.0,0.0,,0.0,,False
2025-02-19,,,,,,,,,,,,,0.0,0.0,0.0,0.0,0.0,0.0,24.0,0.0,,0.0,,False
2025-02-20,,,,,,,,,,,,,0.0,0.0,0.0,0.0,0.0,0.0,24.0,0.0,,0.0,,False
2025-02-21,,,,,,,,,,,,,0.0,0.0,0.0,0.0,0.0,0.0,24.0,0.0,,0.0,,False
2025-02-22,,,,,,,,,,,,,0.0,0.0,0.0,0.0,0.0,0.0,24.0,0.0,,0.0,,False
2025-02-23,,,,,,,,,,,,,0.0,0.0,0.0,0.0,0.0,0.0,24.0,0.0,,0.0,,False
2025-02-24,,,,,,,,,,,,,0.0,0.0,0.0,0.0,0.0,0.0,24.0,0.0,,0.0,,False
2025-02-25,,,,,,,,,,,,,0.0,0.0,0.0,0.0,0.0,0.0,24.0,0.0,,0.0,,False
2025-02-26,,,,,,,,,,,,,0.0,0.0,0.0,0.0,0.0,0.0,24.0,0.0,,0.0,,False
2025-02-27,,,,,,,,,,,,,0.0,0.0,0.0,0.0,0.0,0.0,24.0,0.0,,0.0,,False
2025-02-28,,,,,,,,,,,,,0.0,0.0,0.0,0.0,0.0,0.0,24.0,0.0,,0.0,,False
2025-03-01,,,,,,,,,,,,,0.0,0.0,0.0,0.0,0.0,0.0,24.0,0.0,,0.0,,False
2025-03-02,,,,,,,,,,,,,0.0,0.0,0.0,0.0,0.0,0.0,24.0,0.0,,0.0,,False
2025-03-03,,,,,,,,,,,,,0.0,0.0,0.0,0.0,0.0,0.0,24.0,0.0,,0.0,,False
2025-03-04,,,,,,,,,,,,,0.0,0.0,0.0,0.0,0.0,0.0,24.0,0.0,,0.0,,False
2025-03-05,,,,,,,,,,,,,0.0,0.0,0.0,0.0,0.0,0.0,24.0,0.0,,0.0,,False
2025-03-06,,,,,,,,,,,,,0.0,0.0,0.0,0.0,0.0,0.0,24.0,0.0,,0.0,,False
2025-03-07,,,,,,,,,,,,,0.0,0.0,0.0,0.0,0.0,0.0,24.0,0.0,,0.0,,False
2025-03-08,,,,,,,,,,,,,0.0,0.0,0.0,0.0,0.0,0.0,24.0,0.0,,0.0,,False
2025-03-09,,,,,,,,,,,,,0.0,0.0,0.0,0.0,0.0,0.0,24.0,0.0,,0.0,,False
2025-03-10,,,,,,,,,,,,,0.0,0.0,0.0,0.0,0.0,0.0,24.0,0.0,,0.0,,False
2025-03-11,,,,,,,,,,,,,0.0,0.0,0.0,0.0,0.0,0.0,24.0,0.0,,0.0,,False
2025-03-12,,,,,,,,,,,,,0.0,0.0,0.0,0.0,0.0,0.0,24.0,0.0,,0.0,,False
2025-03-13,,,,,,,,,,,,,0.0,0.0,0.0,0.0,0.0,0.0,24.0,0.0,,0.0,,False
2025-03-14,,,,,,,,,,,,,0.0,0.0,0.0,0.0,0.0,0.0,24.0,0.0,,0.0,,False
2025-03-15,,,,,,,,,,,,,0.0,0.0,0.0,0.0,0.0,0.0,24.0,0.0,,0.0,,False
2025-03-16,,,,,,,,,,,,,0.0,0.0,0.0,0.0,0.0,0.0,24.0,0.0,,0.0,,False
2025-03-17,,,,,,,,,,,,,0.0,0.0,0.0,0.0,0.0,0.0,24.0,0.0,,0.0,,False
2025-03-18,,,,,,,,,,,,,0.0,0.0,0.0,0.0,0.0,0.0,24.0,0.0,,0.0,,False
2025-03-19,,,,,,,,,,,,,0.0,0.0,0.0,0.0,0.0,0.0,24.0,0.0,,0.0,,False
2025-03-20,,,,,,,,,,,,,0.0,0.0,0.0,0.0,0.0,0.0,24.0,0.0,,0.0,,False
2025-03-21,,,,,,,,,,,,,0.0,0.0,0.0,0.0,0.0,0.0,24.0,0.0,,0.0,,False
2025-03-22,,,,,,,,,,,,,0.0,0.0,0.0,0.0,0.0,0.0,24.0,0.0,,0.0,,False
2025-03-23,,,,,,,,,,,,,0.0,0.0,0.0,0.0,0.0,0.0,24.0,0.0,,0.0,,False
2025-03-24,,,,,,,,,,,,,0.0,0.0,0.0,0.0,0.0,0.0,24.0,0.0,,0.0,,False
2025-03-25,,,,,,,,,,,,,0.0,0.0,0.0,0.0,0.0,0.0,24.0,0.0,,0.0,,False
2025-03-26,,,,,,,,,,,,,0.0,0.0,0.0,0.0,0.0,0.0,24.0,0.0,,0.0,,False
2025-03-27,,,,,,,,,,,,,0.0,0.0,0.0,0.0,0.0,0.0,24.0,0.0,,0.0,,False
2025-03-28,,,,,,,,,,,,,0.0,0.0,0.0,0.0,0.0,0.0,24.0,0.0,,0.0,,False
2025-03-29,,,,,,,,,,,,,0.0,0.0,0.0,0.0,0.0,0.0,24.0,0.0,,0.0,,False
2025-03-30,,,,,,,,,,,,,0.0,0.0,0.0,0.0,0.0,0.0,24.0,0.0,,0.0,,False
2025-03-31,,,,,,,,,,,,,0.0,0.0,0.0,0.0,0.0,0.0,24.0,0.0,,0.0,,False
2025-04-01,,,,,,,,,,,,,0.0,0.0,0.0,0.0,0.0,0.0,24.0,0.0,,0.0,,False
2025-04-02,,,,,,,,,,,,,0.0,0.0,0.0,0.0,0.0,0.0,24.0,0.0,,0.0,,False
2025-04-03,,,,,,,,,,,,,0.0,0.0,0.0,0.0,0.0,0.0,24.0,0.0,,0.0,,False
2025-04-04,,,,,,,,,,,,,0.0,0.0,0.0,0.0,0.0,0.0,24.0,0.0,,0.0,,False
2025-04-05,,,,,,,,,,,,,0.0,0.0,0.0,0.0,0.0,0.0,24.0,0.0,,0.0,,False
2025-04-06,,,,,,,,,,,,,0.0,0.0,0.0,0.0,0.0,0.0,24.0,0.0,,0.0,,False
2025-04-07,,,,,,,,,,,,,0.0,0.0,0.0,0.0,0.0,0.0,24.0,0.0,,0.0,,False
2025-04-08,,,,,,,,,,,,,0.0,0.0,0.0,0.0,0.0,0.0,24.0,0.0,,0.0,,False
2025-04-09,,,,,,,,,,,,,0.0,0.0,0.0,0.0,0.0,0.0,24.0,0.0,,0.0,,False
2025-04-10,,,,,,,,,,,,,0.0,0.0,0.0,0.0,0.0,0.0,24.0,0.0,,0.0,,False
2025-04-11,,,,,,,,,,,,,0.0,0.0,0.0,0.0,0.0,0.0,24.0,0.0,,0.0,,False
2025-04-12,,,,,,,,,,,,,0.0,0.0,0.0,0.0,0.0,0.0,24.0,0.0,,0.0,,False
2025-04-13,,,,,,,,,,,,,0.0,0.0,0.0,0.0,0.0,0.0,24.0,0.0,,0.0,,False
2025-04-14,,,,,,,,,,,,,0.0,0.0,0.0,0.0,0.0,0.0,24.0,0.0,,0.0,,False
2025-04-15,,,,,,,,,,,,,0.0,0.0,0.0,0.0,0.0,0.0,24.0,0.0,,0.0,,False
2025-04-16,,,,,,,,,,,,,0.0,0.0,0.0,0.0,0.0,0.0,24.0,0.0,,0.0,,False
2025-04-17,,,,,,,,,,,,,0.0,0.0,0.0,0.0,0.0,0.0,24.0,0.0,,0.0,,False
2025-04-18,,,,,,,,,,,,,0.0,0.0,0.0,0.0,0.0,0.0,24.0,0.0,,0.0,,False
2025-04-19,,,,,,,,,,,,,0.0,0.0,0.0,0.0,0.0,0.0,24.0,0.0,,0.0,,False
2025-04-20,,,,,,,,,,,,,0.0,0.0,0.0,0.0,0.0,0.0,24.0,0.0,,0.0,,False
2025-04-21,,,,,,,,,,,,,0.0,0.0,0.0,0.0,0.0,0.0,24.0,0.0,,0.0,,False
2025-04-22,,,,,,,,,,,,,0.0,0.0,0.0,0.0,0.0,0.0,24.0,0.0,,0.0,,False
2025-04-23,,,,,,,,,,,,,0.0,0.0,0.0,0.0,0.0,0.0,24.0,0.0,,0.0,,False
2025-04-24,,,,,,,,,,,,,0.0,0.0,0.0,0.0,0.0,0.0,24.0,0.0,,0.0,,False
2025-04-25,,,,,,,,,,,,,0.0,0.0,0.0,0.0,0.0,0.0,24.0,0.0,,0.0,,False
2025-04-26,,,,,,,,,,,,,0.0,0.0,0.0,0.0,0.0,0.0,24.0,0.0,,0.0,,False
2025-04-27,,,,,,,,,,,,,0.0,0.0,0.0,0.0,0.0,0.0,24.0,0.0,,0.0,,False
2025-04-28,,,,,,,,,,,,,0.0,0.0,0.0,0.0,0.0,0.0,24.0,0.0,,0.0,,False
2025-04-29,,,,,,,,,,,,,0.0,0.0,0.0,0.0,0.0,0.0,24.0,0.0,,0.0,,False
2025-04-30,,,,,,,,,,,,,0.0,0.0,0.0,0.0,0.0,0.0,24.0,0.0,,0.0,,False
2025-05-01,,,,,,,,,,,,,0.0,0.0,0.0,0.0,0.0,0.0,24.0,0.0,,0.0,,False
2025-05-02,,,,,,,,,,,,,0.0,0.0,0.0,0.0,0.0,0.0,24.0,0.0,,0.0,,False
2025-05-03,,,,,,,,,,,,,0.0,0.0,0.0,0.0,0.0,0.0,24.0,0.0,,0.0,,False
2025-05-04,,,,,,,,,,,,,0.0,0.0,0.0,0.0,0.0,0.0,24.0,0.0,,0.0,,False
2025-05-05,,,,,,,,,,,,,0.0,0.0,0.0,0.0,0.0,0.0,24.0,0.0,,0.0,,False
2025-05-06,,,,,,,,,,,,,0.0,0.0,0.0,0.0,0.0,0.0,24.0,0.0,,0.0,,False
2025-05-07,,,,,,,,,,,,,0.0,0.0,0.0,0.0,0.0,0.0,24.0,0.0,,0.0,,False
2025-05-08,,,,,,,,,,,,,0.0,0.0,0.0,0.0,0.0,0.0,24.0,0.0,,0.0,,False
2025-05-09,,,,,,,,,,,,,0.0,0.0,0.0,0.0,0.0,0.0,24.0,0.0,,0.0,,False
2025-05-10,,,,,,,,,,,,,0.0,0.0,0.0,0.0,0.0,0.0,24.0,0.0,,0.0,,False
2025-05-11,,,,,,,,,,,,,0.0,0.0,0.0,0.0,0.0,0.0,24.0,0.0,,0.0,,False
2025-05-12,,,,,,,,,,,,,0.0,0.0,0.0,0.0,0.0,0.0,24.0,0.0,,0.0,,False
2025-05-13,,,,,,,,,,,,,0.0,0.0,0.0,0.0,0.0,0.0,24.0,0.0,,0.0,,False
2025-05-14,,,,,,,,,,,,,0.0,0.0,0.0,0.0,0.0,0.0,24.0,0.0,,0.0,,False
2025-05-15,,,,,,,,,,,,,0.0,0.0,0.0,0.0,0.0,0.0,24.0,0.0,,0.0,,False
2025-05-16,,,,,,,,,,,,,0.0,0.0,0.0,0.0,0.0,0.0,24.0,0.0,,0.0,,False
2025-05-17,,,,,,,,,,,,,0.0,0.0,0.0,0.0,0.0,0.0,24.0,0.0,,0.0,,False
2025-05-18,,,,,,,,,,,,,0.0,0.0,0.0,0.0,0.0,0.0,24.0,0.0,,0.0,,False
2025-05-19,,,,,,,,,,,,,0.0,0.0,0.0,0.0,0.0,0.0,24.0,0.0,,0.0,,False
2025-05-20,,,,,,,,,,,,,0.0,0.0,0.0,0.0,0.0,0.0,24.0,0.0,,0.0,,False
2025-05-21,,,,,,,,,,,,,0.0,0.0,0.0,0.0,0.0,0.0,24.0,0.0,,0.0,,False
2025-05-22,,,,,,,,,,,,,0.0,0.0,0.0,0.0,0.0,0.0,24.0,0.0,,0.0,,False
2025-05-23,,,,,,,,,,,,,0.0,0.0,0.0,0.0,0.0,0.0,24.0,0.0,,0.0,,False
2025-05-24,,,,,,,,,,,,,0.0,0.0,0.0,0.0,0.0,0.0,24.0,0.0,,0.0,,False
2025-05-25,,,,,,,,,,,,,0.0,0.0,0.0,0.0,0.0,0.0,24.0,0.0,,0.0,,False
2025-05-26,,,,,,,,,,,,,0.0,0.0,0.0,0.0,0.0,0.0,24.0,0.0,,0.0,,False
2025-05-27,,,,,,,,,,,,,0.0,0.0,0.0,0.0,0.0,0.0,24.0,0.0,,0.0,,False
2025-05-28,,,,,,,,,,,,,0.0,0.0,0.0,0.0,0.0,0.0,24.0,0.0,,0.0,,False
2025-05-29,,,,,,,,,,,,,0.0,0.0,0.0,0.0,0.0,0.0,24.0,0.0,,0.0,,False
2025-05-30,,,,,,,,,,,,,0.0,0.0,0.0,0.0,0.0,0.0,24.0,0.0,,0.0,,False
2025-05-31,,,,,,,,,,,,,0.0,0.0,0.0,0.0,0.0,0.0,24.0,0.0,,0.0,,False
2025-06-01,,,,,,,,,,,,,0.0,0.0,0.0,0.0,0.0,0.0,24.0,0.0,,0.0,,False
2025-06-02,,,,,,,,,,,,,0.0,0.0,0.0,0.0,0.0,0.0,24.0,0.0,,0.0,,False
2025-06-03,,,,,,,,,,,,,0.0,0.0,0.0,0.0,0.0,0.0,24.0,0.0,,0.0,,False
2025-06-04,,,,,,,,,,,,,0.0,0.0,0.0,0.0,0.0,0.0,24.0,0.0,,0.0,,False
2025-06-05,,,,,,,,,,,,,0.0,0.0,0.0,0.0,0.0,0.0,24.0,0.0,,0.0,,False
2025-06-06,,,,,,,,,,,,,0.0,0.0,0.0,0.0,0.0,0.0,24.0,0.0,,0.0,,False
2025-06-07,,,,,,,,,,,,,0.0,0.0,0.0,0.0,0.0,0.0,24.0,0.0,,0.0,,False
2025-06-08,,,,,,,,,,,,,0.0,0.0,0.0,0.0,0.0,0.0,24.0,0.0,,0.0,,False
2025-06-09,,,,,,,,,,,,,0.0,0.0,0.0,0.0,0.0,0.0,24.0,0.0,,0.0,,False
2025-06-10,,,,,,,,,,,,,0.0,0.0,0.0,0.0,0.0,0.0,24.0,0.0,,0.0,,False
2025-06-11,,,,,,,,,,,,,0.0,0.0,0.0,0.0,0.0,0.0,24.0,0.0,,0.0,,False
2025-06-12,,,,,,,,,,,,,0.0,0.0,0.0,0.0,0.0,0.0,24.0,0.0,,0.0,,False
2025-06-13,,,,,,,,,,,,,0.0,0.0,0.0,0.0,0.0,0.0,24.0,0.0,,0.0,,False
2025-06-14,,,,,,,,,,,,,0.0,0.0,0.0,0.0,0.0,0.0,24.0,0.0,,0.0,,False
2025-06-15,,,,,,,,,,,,,0.0,0.0,0.0,0.0,0.0,0.0,24.0,0.0,,0.0,,False
2025-06-16,,,,,,,,,,,,,0.0,0.0,0.0,0.0,0.0,0.0,24.0,0.0,,0.0,,False
2025-06-17,,,,,,,,,,,,,0.0,0.0,0.0,0.0,0.0,0.0,24.0,0.0,,0.0,,False
2025-06-18,,,,,,,,,,,,,0.0,0.0,0.0,0.0,0.0,0.0,24.0,0.0,,0.0,,False
2025-06-19,,,,,,,,,,,,,0.0,0.0,0.0,0.0,0.0,0.0,24.0,0.0,,0.0,,False
2025-06-20,,,,,,,,,,,,,0.0,0.0,0.0,0.0,0.0,0.0,24.0,0.0,,0.0,,False
2025-06-21,,,,,,,,,,,,,0.0,0.0,0.0,0.0,0.0,0.0,24.0,0.0,,0.0,,False
2025-06-22,,,,,,,,,,,,,0.0,0.0,0.0,0.0,0.0,0.0,24.0,0.0,,0.0,,False
2025-06-23,,,,,,,,,,,,,0.0,0.0,0.0,0.0,0.0,0.0,24.0,0.0,,0.0,,False
2025-06-24,,,,,,,,,,,,,0.0,0.0,0.0,0.0,0.0,0.0,24.0,0.0,,0.0,,False
2025-06-25,,,,,,,,,,,,,0.0,0.0,0.0,0.0,0.0,0.0,24.0,0.0,,0.0,,False
2025-06-26,,,,,,,,,,,,,0.0,0.0,0.0,0.0,0.0,0.0,24.0,0.0,,0.0,,False
2025-06-27,,,,,,,,,,,,,0.0,0.0,0.0,0.0,0.0,0.0,24.0,0.0,,0.0,,False
2025-06-28,,,,,,,,,,,,,0.0,0.0,0.0,0.0,0.0,0.0,24.0,0.0,,0.0,,False
2025-06-29,,,,,,,,,,,,,0.0,0.0,0.0,0.0,0.0,0.0,24.0,0.0,,0.0,,False
2025-06-30,,,,,,,,,,,,,0.0,0.0,0.0,0.0,0.0,0.0,24.0,0.0,,0.0,,False
2025-07-01,,,,,,,,,,,,,0.0,0.0,0.0,0.0,0.0,0.0,24.0,0.0,,0.0,,False
2025-07-02,,,,,,,,,,,,,0.0,0.0,0.0,0.0,0.0,0.0,24.0,0.0,,0.0,,False
2025-07-03,,,,,,,,,,,,,0.0,0.0,0.0,0.0,0.0,0.0,24.0,0.0,,0.0,,False
2025-07-04,,,,,,,,,,,,,0.0,0.0,0.0,0.0,0.0,0.0,24.0,0.0,,0.0,,False
2025-07-05,,,,,,,,,,,,,0.0,0.0,0.0,0.0,0.0,0.0,24.0,0.0,,0.0,,False
2025-07-06,,,,,,,,,,,,,0.0,0.0,0.0,0.0,0.0,0.0,24.0,0.0,,0.0,,False
2025-07-07,,,,,,,,,,,,,0.0,0.0,0.0,0.0,0.0,0.0,24.0,0.0,,0.0,,False
2025-07-08,,,,,,,,,,,,,0.0,0.0,0.0,0.0,0.0,0.0,24.0,0.0,,0.0,,False
2025-07-09,,,,,,,,,,,,,0.0,0.0,0.0,0.0,0.0,0.0,24.0,0.0,,0.0,,False
2025-07-10,,,,,,,,,,,,,0.0,0.0,0.0,0.0,0.0,0.0,24.0,0.0,,0.0,,False
2025-07-11,,,,,,,,,,,,,0.0,0.0,0.0,0.0,0.0,0.0,24.0,0.0,,0.0,,False
2025-07-12,,,,,,,,,,,,,0.0,0.0,0.0,0.0,0.0,0.0,24.0,0.0,,0.0,,False
2025-07-13,,,,,,,,,,,,,0.0,0.0,0.0,0.0,0.0,0.0,24.0,0.0,,0.0,,False
2025-07-14,,,,,,,,,,,,,0.0,0.0,0.0,0.0,0.0,0.0,24.0,0.0,,0.0,,False
2025-07-15,,,,,,,,,,,,,0.0,0.0,0.0,0.0,0.0,0.0,24.0,0.0,,0.0,,False
2025-07-16,,,,,,,,,,,,,0.0,0.0,0.0,0.0,0.0,0.0,24.0,0.0,,0.0,,False
2025-07-17,,,,,,,,,,,,,0.0,0.0,0.0,0.0,0.0,0.0,24.0,0.0,,0.0,,False
2025-07-18,,,,,,,,,,,,,0.0,0.0,0.0,0.0,0.0,0.0,24.0,0.0,,0.0,,False
2025-07-19,,,,,,,,,,,,,0.0,0.0,0.0,0.0,0.0,0.0,24.0,0.0,,0.0,,False
2025-07-20,,,,,,,,,,,,,0.0,0.0,0.0,0.0,0.0,0.0,24.0,0.0,,0.0,,False
2025-07-21,,,,,,,,,,,,,0.0,0.0,0.0,0.0,0.0,0.0,24.0,0.0,,0.0,,False
2025-07-22,,,,,,,,,,,,,0.0,0.0,0.0,0.0,0.0,0.0,24.0,0.0,,0.0,,False
2025-07-23,,,,,,,,,,,,,0.0,0.0,0.0,0.0,0.0,0.0,24.0,0.0,,0.0,,False
2025-07-24,,,,,,,,,,,,,0.0,0.0,0.0,0.0,0.0,0.0,24.0,0.0,,0.0,,False
2025-07-25,,,,,,,,,,,,,0.0,0.0,0.0,0.0,0.0,0.0,24.0,0.0,,0.0,,False
2025-07-26,,,,,,,,,,,,,0.0,0.0,0.0,0.0,0.0,0.0,24.0,0.0,,0.0,,False
2025-07-27,,,,,,,,,,,,,0.0,0.0,0.0,0.0,0.0,0.0,24.0,0.0,,0.0,,False
2025-07-28,,,,,,,,,,,,,0.0,0.0,0.0,0.0,0.0,0.0,24.0,0.0,,0.0,,False
2025-07-29,,,,,,,,,,,,,0.0,0.0,0.0,0.0,0.0,0.0,24.0,0.0,,0.0,,False
2025-07-30,,,,,,,,,,,,,0.0,0.0,0.0,0.0,0.0,0.0,24.0,0.0,,0.0,,False
2025-07-31,,,,,,,,,,,,,0.0,0.0,0.0,0.0,0.0,0.0,24.0,0.0,,0.0,,False
2025-08-01,,,,,,,,,,,,,0.0,0.0,0.0,0.0,0.0,0.0,24.0,0.0,,0.0,,False
2025-08-02,,,,,,,,,,,,,0.0,0.0,0.0,0.0,0.0,0.0,24.0,0.0,,0.0,,False
2025-08-03,,,,,,,,,,,,,0.0,0.0,0.0,0.0,0.0,0.0,24.0,0.0,,0.0,,False
2025-08-04,,,,,,,,,,,,,0.0,0.0,0.0,0.0,0.0,0.0,24.0,0.0,,0.0,,False
2025-08-05,,,,,,,,,,,,,0.0,0.0,0.0,0.0,0.0,0.0,24.0,0.0,,0.0,,False
2025-08-06,,,,,,,,,,,,,0.0,0.0,0.0,0.0,0.0,0.0,24.0,0.0,,0.0,,False
2025-08-07,,,,,,,,,,,,,0.0,0.0,0.0,0.0,0.0,0.0,24.0,0.0,,0.0,,False
2025-08-08,,,,,,,,,,,,,0.0,0.0,0.0,0.0,0.0,0.0,24.0,0.0,,0.0,,False
2025-08-09,,,,,,,,,,,,,0.0,0.0,0.0,0.0,0.0,0.0,24.0,0.0,,0.0,,False
2025-08-10,,,,,,,,,,,,,0.0,0.0,0.0,0.0,0.0,0.0,24.0,0.0,,0.0,,False
2025-08-11,,,,,,,,,,,,,0.0,0.0,0.0,0.0,0.0,0.0,24.0,0.0,,0.0,,False
2025-08-12,,,,,,,,,,,,,0.0,0.0,0.0,0.0,0.0,0.0,24.0,0.0,,0.0,,False
2025-08-13,,,,,,,,,,,,,0.0,0.0,0.0,0.0,0.0,0.0,24.0,0.0,,0.0,,False
2025-08-14,,,,,,,,,,,,,0.0,0.0,0.0,0.0,0.0,0.0,24.0,0.0,,0.0,,False
2025-08-15,,,,,,,,,,,,,0.0,0.0,0.0,0.0,0.0,0.0,24.0,0.0,,0.0,,False
2025-08-16,,,,,,,,,,,,,0.0,0.0,0.0,0.0,0.0,0.0,24.0,0.0,,0.0,,False
2025-08-17,,,,,,,,,,,,,0.0,0.0,0.0,0.0,0.0,0.0,24.0,0.0,,0.0,,False
2025-08-18,,,,,,,,,,,,,0.0,0.0,0.0,0.0,0.0,0.0,24.0,0.0,,0.0,,False
2025-08-19,,,,,,,,,,,,,0.0,0.0,0.0,0.0,0.0,0.0,24.0,0.0,,0.0,,False
2025-08-20,,,,,,,,,,,,,0.0,0.0,0.0,0.0,0.0,0.0,24.0,0.0,,0.0,,False
2025-08-21,,,,,,,,,,,,,0.0,0.0,0.0,0.0,0.0,0.0,24.0,0.0,,0.0,,False
2025-08-22,,,,,,,,,,,,,0.0,0.0,0.0,0.0,0.0,0.0,24.0,0.0,,0.0,,False
2025-08-23,,,,,,,,,,,,,0.0,0.0,0.0,0.0,0.0,0.0,24.0,0.0,,0.0,,False
2025-08-24,,,,,,,,,,,,,0.0,0.0,0.0,0.0,0.0,0.0,24.0,0.0,,0.0,,False
2025-08-25,,,,,,,,,,,,,0.0,0.0,0.0,0.0,0.0,0.0,24.0,0.0,,0.0,,False
2025-08-26,,,,,,,,,,,,,0.0,0.0,0.0,0.0,0.0,0.0,24.0,0.0,,0.0,,False
2025-08-27,,,,,,,,,,,,,0.0,0.0,0.0,0.0,0.0,0.0,24.0,0.0,,0.0,,False
2025-08-28,,,,,,,,,,,,,0.0,0.0,0.0,0.0,0.0,0.0,24.0,0.0,,0.0,,False
2025-08-29,,,,,,,,,,,,,0.0,0.0,0.0,0.0,0.0,0.0,24.0,0.0,,0.0,,False
2025-08-30,,,,,,,,,,,,,0.0,0.0,0.0,0.0,0.0,0.0,24.0,0.0,,0.0,,False
2025-08-31,,,,,,,,,,,,,0.0,0.0,0.0,0.0,0.0,0.0,24.0,0.0,,0.0,,False
2025-09-01,,,,,,,,,,,,,0.0,0.0,0.0,0.0,0.0,0.0,24.0,0.0,,0.0,,False
2025-09-02,,,,,,,,,,,,,0.0,0.0,0.0,0.0,0.0,0.0,24.0,0.0,,0.0,,False
2025-09-03,,,,,,,,,,,,,0.0,0.0,0.0,0.0,0.0,0.0,24.0,0.0,,0.0,,False
2025-09-04,,,,,,,,,,,,,0.0,0.0,0.0,0.0,0.0,0.0,24.0,0.0,,0.0,,False
2025-09-05,,,,,,,,,,,,,0.0,0.0,0.0,0.0,0.0,0.0,24.0,0.0,,0.0,,False
2025-09-06,,,,,,,,,,,,,0.0,0.0,0.0,0.0,0.0,0.0,24.0,0.0,,0.0,,False
2025-09-07,,,,,,,,,,,,,0.0,0.0,0.0,0.0,0.0,0.0,24.0,0.0,,0.0,,False
2025-09-08,,,,,,,,,,,,,0.0,0.0,0.0,0.0,0.0,0.0,24.0,0.0,,0.0,,False
2025-09-09,,,,,,,,,,,,,0.0,0.0,0.0,0.0,0.0,0.0,24.0,0.0,,0.0,,False
2025-09-10,,,,,,,,,,,,,0.0,0.0,0.0,0.0,0.0,0.0,24.0,0.0,,0.0,,False
2025-09-11,,,,,,,,,,,,,0.0,0.0,0.0,0.0,0.0,0.0,24.0,0.0,,0.0,,False
2025-09-12,,,,,,,,,,,,,0.0,0.0,0.0,0.0,0.0,0.0,24.0,0.0,,0.0,,False
2025-09-13,,,,,,,,,,,,,0.0,0.0,0.0,0.0,0.0,0.0,24.0,0.0,,0.0,,False
2025-09-14,,,,,,,,,,,,,0.0,0.0,0.0,0.0,0.0,0.0,24.0,0.0,,0.0,,False
2025-09-15,,,,,,,,,,,,,0.0,0.0,0.0,0.0,0.0,0.0,24.0,0.0,,0.0,,False
2025-09-16,,,,,,,,,,,,,0.0,0.0,0.0,0.0,0.0,0.0,24.0,0.0,,0.0,,False
2025-09-17,,,,,,,,,,,,,0.0,0.0,0.0,0.0,0.0,0.0,24.0,0.0,,0.0,,False
2025-09-18,,,,,,,,,,,,,0.0,0.0,0.0,0.0,0.0,0.0,24.0,0.0,,0.0,,False
2025-09-19,,,,,,,,,,,,,0.0,0.0,0.0,0.0,0.0,0.0,24.0,0.0,,0.0,,False
2025-09-20,,,,,,,,,,,,,0.0,0.0,0.0,0.0,0.0,0.0,24.0,0.0,,0.0,,False
2025-09-21,,,,,,,,,,,,,0.0,0.0,0.0,0.0,0.0,0.0,24.0,0.0,,0.0,,False
2025-09-22,,,,,,,,,,,,,0.0,0.0,0.0,0.0,0.0,0.0,24.0,0.0,,0.0,,False
2025-09-23,,,,,,,,,,,,,0.0,0.0,0.0,0.0,0.0,0.0,24.0,0.0,,0.0,,False
2025-09-24,,,,,,,,,,,,,0.0,0.0,0.0,0.0,0.0,0.0,24.0,0.0,,0.0,,False
2025-09-25,,,,,,,,,,,,,0.0,0.0,0.0,0.0,0.0,0.0,24.0,0.0,,0.0,,False
2025-09-26,,,,,,,,,,,,,0.0,0.0,0.0,0.0,0.0,0.0,24.0,0.0,,0.0,,False
2025-09-27,,,,,,,,,,,,,0.0,0.0,0.0,0.0,0.0,0.0,24.0,0.0,,0.0,,False
2025-09-28,,,,,,,,,,,,,0.0,0.0,0.0,0.0,0.0,0.0,24.0,0.0,,0.0,,False
2025-09-29,,,,,,,,,,,,,0.0,0.0,0.0,0.0,0.0,0.0,24.0,0.0,,0.0,,False
2025-09-30,,,,,,,,,,,,,0.0,0.0,0.0,0.0,0.0,0.0,24.0,0.0,,0.0,,False
2025-10-01,,,,,,,,,,,,,0.0,0.0,0.0,0.0,0.0,0.0,24.0,0.0,,0.0,,False
2025-10-02,,,,,,,,,,,,,0.0,0.0,0.0,0.0,0.0,0.0,24.0,0.0,,0.0,,False
2025-10-03,,,,,,,,,,,,,0.0,0.0,0.0,0.0,0.0,0.0,24.0,0.0,,0.0,,False
2025-10-04,,,,,,,,,,,,,0.0,0.0,0.0,0.0,0.0,0.0,24.0,0.0,,0.0,,False
2025-10-05,,,,,,,,,,,,,0.0,0.0,0.0,0.0,0.0,0.0,24.0,0.0,,0.0,,False
2025-10-06,,,,,,,,,,,,,0.0,0.0,0.0,0.0,0.0,0.0,24.0,0.0,,0.0,,False
2025-10-07,,,,,,,,,,,,,0.0,0.0,0.0,0.0,0.0,0.0,24.0,0.0,,0.0,,False
2025-10-08,,,,,,,,,,,,,0.0,0.0,0.0,0.0,0.0,0.0,24.0,0.0,,0.0,,False
2025-10-09,,,,,,,,,,,,,0.0,0.0,0.0,0.0,0.0,0.0,24.0,0.0,,0.0,,False
2025-10-10,,,,,,,,,,,,,0.0,0.0,0.0,0.0,0.0,0.0,24.0,0.0,,0.0,,False
2025-10-11,,,,,,,,,,,,,0.0,0.0,0.0,0.0,0.0,0.0,24.0,0.0,,0.0,,False
2025-10-12,,,,,,,,,,,,,0.0,0.0,0.0,0.0,0.0,0.0,24.0,0.0,,0.0,,False
2025-10-13,,,,,,,,,,,,,0.0,0.0,0.0,0.0,0.0,0.0,24.0,0.0,,0.0,,False
2025-10-14,,,,,,,,,,,,,0.0,0.0,0.0,0.0,0.0,0.0,24.0,0.0,,0.0,,False
2025-10-15,,,,,,,,,,,,,0.0,0.0,0.0,0.0,0.0,0.0,24.0,0.0,,0.0,,False
2025-10-16,,,,,,,,,,,,,0.0,0.0,0.0,0.0,0.0,0.0,24.0,0.0,,0.0,,False
2025-10-17,,,,,,,,,,,,,0.0,0.0,0.0,0.0,0.0,0.0,24.0,0.0,,0.0,,False
2025-10-18,,,,,,,,,,,,,0.0,0.0,0.0,0.0,0.0,0.0,24.0,0.0,,0.0,,False
2025-10-19,,,,,,,,,,,,,0.0,0.0,0.0,0.0,0.0,0.0,24.0,0.0,,0.0,,False
2025-10-20,,,,,,,,,,,,,0.0,0.0,0.0,0.0,0.0,0.0,24.0,0.0,,0.0,,False
2025-10-21,,,,,,,,,,,,,0.0,0.0,0.0,0.0,0.0,0.0,24.0,0.0,,0.0,,False
2025-10-22,,,,,,,,,,,,,0.0,0.0,0.0,0.0,0.0,0.0,24.0,0.0,,0.0,,False
2025-10-23,,,,,,,,,,,,,0.0,0.0,0.0,0.0,0.0,0.0,24.0,0.0,,0.0,,False
2025-10-24,,,,,,,,,,,,,0.0,0.0,0.0,0.0,0.0,0.0,24.0,0.0,,0.0,,False
2025-10-25,,,,,,,,,,,,,0.0,0.0,0.0,0.0,0.0,0.0,24.0,0.0,,0.0,,False
2025-10-26,,,,,,,,,,,,,0.0,0.0,0.0,0.0,0.0,0.0,24.0,0.0,,0.0,,False
2025-10-27,,,,,,,,,,,,,0.0,0.0,0.0,0.0,0.0,0.0,24.0,0.0,,0.0,,False
2025-10-28,,,,,,,,,,,,,0.0,0.0,0.0,0.0,0.0,0.0,24.0,0.0,,0.0,,False
2025-10-29,,,,,,,,,,,,,0.0,0.0,0.0,0.0,0.0,0.0,24.0,0.0,,0.0,,False
2025-10-30,,,,,,,,,,,,,0.0,0.0,0.0,0.0,0.0,0.0,24.0,0.0,,0.0,,False
2025-10-31,,,,,,,,,,,,,0.0,0.0,0.0,0.0,0.0,0.0,24.0,0.0,,0.0,,False
2025-11-01,,,,,,,,,,,,,0.0,0.0,0.0,0.0,0.0,0.0,24.0,0.0,,0.0,,False
2025-11-02,,,,,,,,,,,,,0.0,0.0,0.0,0.0,0.0,0.0,24.0,0.0,,0.0,,False
2025-11-03,,,,,,,,,,,,,0.0,0.0,0.0,0.0,0.0,0.0,24.0,0.0,,0.0,,False
2025-11-04,,,,,,,,,,,,,0.0,0.0,0.0,0.0,0.0,0.0,24.0,0.0,,0.0,,False
2025-11-05,,,,,,,,,,,,,0.0,0.0,0.0,0.0,0.0,0.0,24.0,0.0,,0.0,,False
2025-11-06,,,,,,,,,,,,,0.0,0.0,0.0,0.0,0.0,0.0,24.0,0.0,,0.0,,False
2025-11-07,,,,,,,,,,,,,0.0,0.0,0.0,0.0,0.0,0.0,24.0,0.0,,0.0,,False
2025-11-08,,,,,,,,,,,,,0.0,0.0,0.0,0.0,0.0,0.0,24.0,0.0,,0.0,,False
2025-11-09,,,,,,,,,,,,,0.0,0.0,0.0,0.0,0.0,0.0,24.0,0.0,,0.0,,False
2025-11-10,,,,,,,,,,,,,0.0,0.0,0.0,0.0,0.0,0.0,24.0,0.0,,0.0,,False
2025-11-11,,,,,,,,,,,,,0.0,0.0,0.0,0.0,0.0,0.0,24.0,0.0,,0.0,,False
2025-11-12,,,,,,,,,,,,,0.0,0.0,0.0,0.0,0.0,0.0,24.0,0.0,,0.0,,False
2025-11-13,,,,,,,,,,,,,0.0,0.0,0.0,0.0,0.0,0.0,24.0,0.0,,0.0,,False
2025-11-14,,,,,,,,,,,,,0.0,0.0,0.0,0.0,0.0,0.0,24.0,0.0,,0.0,,False
2025-11-15,,,,,,,,,,,,,0.0,0.0,0.0,0.0,0.0,0.0,24.0,0.0,,0.0,,False
2025-11-16,,,,,,,,,,,,,0.0,0.0,0.0,0.0,0.0,0.0,24.0,0.0,,0.0,,False
2025-11-17,,,,,,,,,,,,,0.0,0.0,0.0,0.0,0.0,0.0,24.0,0.0,,0.0,,False
2025-11-18,,,,,,,,,,,,,0.0,0.0,0.0,0.0,0.0,0.0,24.0,0.0,,0.0,,False
2025-11-19,,,,,,,,,,,,,0.0,0.0,0.0,0.0,0.0,0.0,24.0,0.0,,0.0,,False
2025-11-20,,,,,,,,,,,,,0.0,0.0,0.0,0.0,0.0,0.0,24.0,0.0,,0.0,,False
2025-11-21,,,,,,,,,,,,,0.0,0.0,0.0,0.0,0.0,0.0,24.0,0.0,,0.0,,False
2025-11-22,,,,,,,,,,,,,0.0,0.0,0.0,0.0,0.0,0.0,24.0,0.0,,0.0,,False
2025-11-23,,,,,,,,,,,,,0.0,0.0,0.0,0.0,0.0,0.0,24.0,0.0,,0.0,,False
2025-11-24,,,,,,,,,,,,,0.0,0.0,0.0,0.0,0.0,0.0,24.0,0.0,,0.0,,False
2025-11-25,,,,,,,,,,,,,0.0,0.0,0.0,0.0,0.0,0.0,24.0,0.0,,0.0,,False
2025-11-26,,,,,,,,,,,,,0.0,0.0,0.0,0.0,0.0,0.0,24.0,0.0,,0.0,,False
2025-11-27,,,,,,,,,,,,,0.0,0.0,0.0,0.0,0.0,0.0,24.0,0.0,,0.0,,False
2025-11-28,,,,,,,,,,,,,0.0,0.0,0.0,0.0,0.0,0.0,24.0,0.0,,0.0,,False
2025-11-29,,,,,,,,,,,,,0.0,0.0,0.0,0.0,0.0,0.0,24.0,0.0,,0.0,,False
2025-11-30,,,,,,,,,,,,,0.0,0.0,0.0,0.0,0.0,0.0,24.0,0.0,,0.0,,False
2025-12-01,,,,,,,,,,,,,0.0,0.0,0.0,0.0,0.0,0.0,24.0,0.0,,0.0,,False
2025-12-02,,,,,,,,,,,,,0.0,0.0,0.0,0.0,0.0,0.0,24.0,0.0,,0.0,,False
2025-12-03,,,,,,,,,,,,,0.0,0.0,0.0,0.0,0.0,0.0,24.0,0.0,,0.0,,False
2025-12-04,,,,,,,,,,,,,0.0,0.0,0.0,0.0,0.0,0.0,24.0,0.0,,0.0,,False
2025-12-05,,,,,,,,,,,,,0.0,0.0,0.0,0.0,0.0,0.0,24.0,0.0,,0.0,,False
2025-12-06,,,,,,,,,,,,,0.0,0.0,0.0,0.0,0.0,0.0,24.0,0.0,,0.0,,False
2025-12-07,,,,,,,,,,,,,0.0,0.0,0.0,0.0,0.0,0.0,24.0,0.0,,0.0,,False
2025-12-08,,,,,,,,,,,,,0.0,0.0,0.0,0.0,0.0,0.0,24.0,0.0,,0.0,,False
2025-12-09,,,,,,,,,,,,,0.0,0.0,0.0,0.0,0.0,0.0,24.0,0.0,,0.0,,False
2025-12-10,,,,,,,,,,,,,0.0,0.0,0.0,0.0,0.0,0.0,24.0,0.0,,0.0,,False
2025-12-11,,,,,,,,,,,,,0.0,0.0,0.0,0.0,0.0,0.0,24.0,0.0,,0.0,,False
2025-12-12,,,,,,,,,,,,,0.0,0.0,0.0,0.0,0.0,0.0,24.0,0.0,,0.0,,False
2025-12-13,,,,,,,,,,,,,0.0,0.0,0.0,0.0,0.0,0.0,24.0,0.0,,0.0,,False
2025-12-14,,,,,,,,,,,,,0.0,0.0,0.0,0.0,0.0,0.0,24.0,0.0,,0.0,,False
2025-12-15,,,,,,,,,,,,,0.0,0.0,0.0,0.0,0.0,0.0,24.0,0.0,,0.0,,False
2025-12-16,,,,,,,,,,,,,0.0,0.0,0.0,0.0,0.0,0.0,24.0,0.0,,0.0,,False
2025-12-17,,,,,,,,,,,,,0.0,0.0,0.0,0.0,0.0,0.0,24.0,0.0,,0.0,,False
2025-12-18,,,,,,,,,,,,,0.0,0.0,0.0,0.0,0.0,0.0,24.0,0.0,,0.0,,False
2025-12-19,,,,,,,,,,,,,0.0,0.0,0.0,0.0,0.0,0.0,24.0,0.0,,0.0,,False
2025-12-20,,,,,,,,,,,,,0.0,0.0,0.0,0.0,0.0,0.0,24.0,0.0,,0.0,,False
2025-12-21,,,,,,,,,,,,,0.0,0.0,0.0,0.0,0.0,0.0,24.0,0.0,,0.0,,False
2025-12-22,,,,,,,,,,,,,0.0,0.0,0.0,0.0,0.0,0.0,24.0,0.0,,0.0,,False
2025-12-23,,,,,,,,,,,,,0.0,0.0,0.0,0.0,0.0,0.0,24.0,0.0,,0.0,,False
2025-12-24,,,,,,,,,,,,,0.0,0.0,0.0,0.0,0.0,0.0,24.0,0.0,,0.0,,False
2025-12-25,,,,,,,,,,,,,0.0,0.0,0.0,0.0,0.0,0.0,24.0,0.0,,0.0,,False
2025-12-26,,,,,,,,,,,,,0.0,0.0,0.0,0.0,0.0,0.0,24.0,0.0,,0.0,,False
2025-12-27,,,,,,,,,,,,,0.0,0.0,0.0,0.0,0.0,0.0,24.0,0.0,,0.0,,False
2025-12-28,,,,,,,,,,,,,0.0,0.0,0.0,0.0,0.0,0.0,24.0,0.0,,0.0,,False
2025-12-29,,,,,,,,,,,,,0.0,0.0,0.0,0.0,0.0,0.0,24.0,0.0,,0.0,,False
2025-12-30,,,,,,,,,,,,,0.0,0.0,0.0,0.0,0.0,0.0,24.0,0.0,,0.0,,False
2025-12-31,,,,,,,,,,,,,0.0,0.0,0.0,0.0,0.0,0.0,24.0,0.0,,0.0,,False
2026-01-01,,,,,,,,,,,,,0.0,0.0,0.0,0.0,0.0,0.0,24.0,0.0,,0.0,,False
2026-01-02,,,,,,,,,,,,,0.0,0.0,0.0,0.0,0.0,0.0,24.0,0.0,,0.0,,False
2026-01-03,,,,,,,,,,,,,0.0,0.0,0.0,0.0,0.0,0.0,24.0,0.0,,0.0,,False
2026-01-04,,,,,,,,,,,,,0.0,0.0,0.0,0.0,0.0,0.0,24.0,0.0,,0.0,,False
2026-01-05,,,,,,,,,,,,,0.0,0.0,0.0,0.0,0.0,0.0,24.0,0.0,,0.0,,False
2026-01-06,,,,,,,,,,,,,0.0,0.0,0.0,0.0,0.0,0.0,24.0,0.0,,0.0,,False
2026-01-07,,,,,,,,,,,,,0.0,0.0,0.0,0.0,0.0,0.0,24.0,0.0,,0.0,,False
2026-01-08,,,,,,,,,,,,,0.0,0.0,0.0,0.0,0.0,0.0,24.0,0.0,,0.0,,False
2026-01-09,,,,,,,,,,,,,0.0,0.0,0.0,0.0,0.0,0.0,24.0,0.0,,0.0,,False
2026-01-10,,,,,,,,,,,,,0.0,0.0,0.0,0.0,0.0,0.0,24.0,0.0,,0.0,,False
2026-01-11,,,,,,,,,,,,,0.0,0.0,0.0,0.0,0.0,0.0,24.0,0.0,,0.0,,False
2026-01-12,,,,,,,,,,,,,0.0,0.0,0.0,0.0,0.0,0.0,24.0,0.0,,0.0,,False
2026-01-13,,,,,,,,,,,,,0.0,0.0,0.0,0.0,0.0,0.0,24.0,0.0,,0.0,,False
2026-01-14,,,,,,,,,,,,,0.0,0.0,0.0,0.0,0.0,0.0,24.0,0.0,,0.0,,False
2026-01-15,,,,,,,,,,,,,0.0,0.0,0.0,0.0,0.0,0.0,24.0,0.0,,0.0,,False
2026-01-16,,,,,,,,,,,,,0.0,0.0,0.0,0.0,0.0,0.0,24.0,0.0,,0.0,,False
2026-01-17,,,,,,,,,,,,,0.0,0.0,0.0,0.0,0.0,0.0,24.0,0.0,,0.0,,False
2026-01-18,,,,,,,,,,,,,0.0,0.0,0.0,0.0,0.0,0.0,24.0,0.0,,0.0,,False
2026-01-19,,,,,,,,,,,,,0.0,0.0,0.0,0.0,0.0,0.0,24.0,0.0,,0.0,,False
2026-01-20,,,,,,,,,,,,,0.0,0.0,0.0,0.0,0.0,0.0,24.0,0.0,,0.0,,False
2026-01-21,,,,,,,,,,,,,0.0,0.0,0.0,0.0,0.0,0.0,24.0,0.0,,0.0,,False
2026-01-22,,,,,,,,,,,,,0.0,0.0,0.0,0.0,0.0,0.0,24.0,0.0,,0.0,,False
2026-01-23,,,,,,,,,,,,,0.0,0.0,0.0,0.0,0.0,0.0,24.0,0.0,,0.0,,False
2026-01-24,,,,,,,,,,,,,0.0,0.0,0.0,0.0,0.0,0.0,24.0,0.0,,0.0,,False
2026-01-25,21.548523489932883,31.02,20.435000000000002,35.96697986577181,57.0,,,,,,-75.09021367521368,-80.0,149.0,149.0,13.0,5.0,0.0,8.0,11.0,27.5,100.0,20.8,0.599,False
2026-01-26,16.841455805892547,36.47,15.950000000000001,27.308856152513,86.05,,,,,,-70.92970438076416,-74.0,577.0,577.0,24.0,24.0,0.0,0.0,0.0,100.0,100.0,100.0,0.617,True
2026-01-27,7.691151202749141,22.67,6.8925,11.587731958762886,84.1,,,,,,-71.26239734299516,-76.0,582.0,582.0,24.0,24.0,0.0,0.0,0.0,100.0,100.0,100.0,0.664,True
2026-01-28,14.211204188481677,27.65,13.282499999999999,18.842687609075046,40.7,,,,,,-71.34973866236737,-75.0,573.0,573.0,24.0,24.0,0.0,0.0,0.0,100.0,100.0,100.0,0.754,True
2026-01-29,20.658356643356647,45.95,18.655,38.15342657342658,116.4,,,,,,-71.15253191856452,-75.0,572.0,572.0,24.0,24.0,0.0,0.0,0.0,100.0,100.0,100.0,0.541,True
2026-01-30,25.966389891696753,56.72,25.3525,51.717815884476536,165.57,,,,,,-71.08015422077922,-76.0,554.0,554.0,24.0,24.0,0.0,0.0,0.0,100.0,100.0,100.0,0.502,True
2026-01-31,30.34601869158878,54.17,27.79,74.91757009345794,284.27,,,,,,-70.49459314596328,-74.0,535.0,535.0,24.0,24.0,0.0,0.0,0.0,98.9,100.0,100.0,0.405,True
2026-02-01,24.644052044609666,37.28,24.305,39.08760223048327,63.92,,,,,,-70.34229017385911,-75.0,538.0,538.0,24.0,24.0,0.0,0.0,0.0,99.4,100.0,100.0,0.63,True
2026-02-02,15.904376237623762,40.95,15.25,27.416376237623762,110.32,,,,,,-71.58960246248849,-77.0,505.0,505.0,24.0,24.0,0.0,0.0,0.0,93.3,100.0,100.0,0.58,True
2026-02-03,21.68014675052411,37.3,21.0425,34.0041928721174,90.0,,,,,,-71.71321594659928,-76.0,477.0,477.0,24.0,24.0,0.0,0.0,0.0,88.2,100.0,100.0,0.638,True
2026-02-04,18.858665338645416,36.35,15.125,27.87675298804781,60.8,,,,,,-71.38685402668106,-75.0,502.0,502.0,24.0,24.0,0.0,0.0,0.0,92.8,100.0,100.0,0.677,True
2026-02-05,6.7650676982591875,24.88,6.835,10.336150870406192,45.22,,,,,,-71.56951631841396,-75.0,517.0,517.0,24.0,24.0,0.0,0.0,0.0,95.6,100.0,100.0,0.655,True
2026-02-06,6.475553602811951,20.67,5.55,9.138699472759226,25.8,,,,,,-71.74599390645587,-75.0,569.0,569.0,24.0,24.0,0.0,0.0,0.0,100.0,100.0,100.0,0.709,True
2026-02-07,14.494110091743119,44.2,12.962499999999999,22.167192660550455,92.88,,,,,,-71.46619197656526,-75.0,545.0,545.0,24.0,24.0,0.0,0.0,0.0,100.0,100.0,100.0,0.654,True
2026-02-08,29.154865350089764,53.8,26.299999999999997,49.98635547576302,101.72,,,,,,-71.35385128458498,-76.0,557.0,557.0,24.0,24.0,0.0,0.0,0.0,100.0,100.0,100.0,0.583,True
2026-02-09,34.13439236111111,53.25,34.1575,59.20753472222222,135.3,,,,,,-71.69872698255851,-76.0,576.0,576.0,24.0,24.0,0.0,0.0,0.0,100.0,100.0,100.0,0.577,True
2026-02-10,18.500950570342205,36.58,16.085,30.26912547528517,67.72,,,,,,-76.28256336899815,-83.0,263.0,263.0,20.0,13.0,0.0,7.0,4.0,48.6,100.0,54.2,0.611,False
2026-02-11,17.356757575757577,81.47,15.787500000000001,29.503848484848486,149.95,,,,,,-73.31837227274703,-81.0,330.0,330.0,18.0,15.0,0.0,3.0,6.0,61.0,100.0,62.5,0.588,False
2026-02-12,18.025758835758836,37.25,17.505000000000003,36.90261954261954,132.27,,,,,,-72.3139790292236,-77.0,481.0,481.0,24.0,24.0,0.0,0.0,0.0,88.9,100.0,100.0,0.488,True
2026-02-13,10.263552123552124,37.88,7.7875,19.39837837837838,92.03,,,,,,-72.37760210528207,-77.0,518.0,518.0,24.0,23.0,0.0,1.0,0.0,95.7,100.0,95.8,0.529,True
2026-02-14,11.749131403118042,36.75,6.895,23.971224944320713,70.78,,,,,,-72.5160113827244,-76.0,449.0,449.0,24.0,24.0,0.0,0.0,0.0,83.0,100.0,100.0,0.49,True
2026-02-15,5.305326876513317,18.85,2.935,7.362566585956416,20.83,,,,,,-72.45172725164986,-77.0,413.0,413.0,24.0,23.0,0.0,1.0,0.0,76.3,100.0,95.8,0.721,True
2026-02-16,8.538692307692306,26.0,7.225,14.29923076923077,60.65,,,,,,-67.39384833611807,-78.0,520.0,520.0,24.0,23.0,0.0,1.0,0.0,96.1,100.0,95.8,0.597,True
2026-02-17,5.681343537414966,25.33,2.185,11.099557823129253,59.97,,,,,,-66.37631944444445,-70.0,588.0,588.0,24.0,24.0,0.0,0.0,0.0,100.0,100.0,100.0,0.512,True
2026-02-18,3.336457627118644,15.57,2.215,9.821135593220339,94.53,,,,,,-65.44791666666667,-69.0,590.0,590.0,24.0,24.0,0.0,0.0,0.0,100.0,100.0,100.0,0.34,True
2026-02-19,8.135186440677966,23.92,7.26,12.771288135593219,44.97,,,,,,-75.36472222222221,-81.0,590.0,590.0,24.0,24.0,0.0,0.0,0.0,100.0,100.0,100.0,0.637,True
2026-02-20,7.942123287671232,20.75,7.965,13.195376712328766,51.0,,,,,,-70.2980637254902,-80.0,584.0,584.0,24.0,24.0,0.0,0.0,0.0,100.0,100.0,100.0,0.602,True
2026-02-21,4.786691312384473,16.95,3.45,8.969223659889096,140.7,,,,,,-73.31202898550725,-80.0,541.0,541.0,23.0,22.0,0.0,1.0,1.0,100.0,100.0,91.7,0.534,True
2026-02-22,15.894306569343069,28.08,11.9525,23.418321167883203,39.88,,,,,,-76.11146574440053,-83.0,274.0,274.0,20.0,12.0,0.0,8.0,4.0,50.6,100.0,50.0,0.679,False
2026-02-23,20.66512367491166,46.7,19.5825,33.304134275618374,71.22,,,,,,-72.50116855668487,-75.0,566.0,566.0,24.0,24.0,0.0,0.0,0.0,100.0,100.0,100.0,0.62,True
2026-02-24,24.99634482758621,39.67,26.41,41.843879310344825,87.85,,,,,,-72.73547842555995,-76.0,580.0,580.0,24.0,24.0,0.0,0.0,0.0,100.0,100.0,100.0,0.597,True
2026-02-25,38.23651685393259,61.35,37.3575,68.32172284644196,145.95,,,,,,-72.6400313695966,-77.0,534.0,534.0,24.0,24.0,0.0,0.0,0.0,98.7,100.0,100.0,0.56,True
2026-02-26,37.445766283524904,54.08,36.7,72.18097701149425,124.28,,,,,,-72.76653760627057,-77.0,522.0,522.0,24.0,24.0,0.0,0.0,0.0,96.5,100.0,100.0,0.519,True
2026-02-27,32.96223776223776,54.22,36.285000000000004,65.40522727272727,131.63,,,,,,-71.89619812252964,-77.0,572.0,572.0,24.0,24.0,0.0,0.0,0.0,100.0,100.0,100.0,0.504,True
2026-02-28,26.139680284191833,75.97,27.265,45.83687388987567,200.23,,,,,,-71.18029195944956,-74.0,563.0,563.0,24.0,24.0,0.0,0.0,0.0,100.0,100.0,100.0,0.57,True
