Time;durP1;ratioP1;P1;durP2;ratioP2;P2;SDS_P1;SDS_P2;PMS_P1;PMS_P2;Temp;Humidity;BMP_temperature;BMP_pressure;BME280_temperature;BME280_humidity;BME280_pressure;Samples;Min_cycle;Max_cycle;Signal;HPM_P1;HPM_P2
2024/03/24 00:01:49;;;;;;;5.00;1.80;;;16.00;93.80;;;;;;5058891;28;20029;-45
2024/03/24 00:04:15;;;;;;;8.75;2.40;;;16.10;93.80;;;;;;5060504;28;20025;-45
2024/03/24 00:06:41;;;;;;;9.38;2.22;;;16.00;93.80;;;;;;5061457;28;20036;-46
2024/03/24 00:09:09;;;;;;;5.72;2.10;;;16.00;93.60;;;;;;5059842;28;20393;-46
2024/03/24 00:11:35;;;;;;;7.05;1.95;;;15.90;93.90;;;;;;5059192;28;20461;-46
2024/03/24 00:14:00;;;;;;;6.25;2.20;;;15.90;94.00;;;;;;5060362;28;20131;-45
2024/03/24 00:16:28;;;;;;;8.30;2.58;;;15.90;94.10;;;;;;5053728;28;20381;-46
2024/03/24 00:18:54;;;;;;;;;;;15.80;94.20;;;;;;5054505;28;20237;-46
2024/03/24 00:21:19;;;;;;;9.50;2.95;;;15.80;94.30;;;;;;5054822;28;19917;-46
2024/03/24 00:23:45;;;;;;;10.52;3.60;;;15.70;94.40;;;;;;5056777;28;20033;-46
2024/03/24 00:26:11;;;;;;;8.30;2.55;;;15.60;94.50;;;;;;5054885;28;20028;-46
2024/03/24 00:28:36;;;;;;;9.07;2.50;;;15.40;94.60;;;;;;5055865;28;20032;-45
2024/03/24 00:31:02;;;;;;;8.77;2.42;;;15.40;94.90;;;;;;5057722;28;20037;-46
2024/03/24 00:33:28;;;;;;;10.18;2.60;;;15.40;94.90;;;;;;5058802;28;20058;-45
2024/03/24 00:35:54;;;;;;;8.85;2.70;;;15.40;95.00;;;;;;5056306;28;20177;-46
2024/03/24 00:38:19;;;;;;;6.72;2.15;;;15.30;95.10;;;;;;5058396;28;20083;-46
2024/03/24 00:40:45;;;;;;;7.50;3.58;;;15.20;95.50;;;;;;5065058;28;20591;-46
2024/03/24 00:43:11;;;;;;;6.95;2.38;;;15.10;95.80;;;;;;5071970;28;20025;-46
2024/03/24 00:45:37;;;;;;;6.85;2.30;;;15.10;96.10;;;;;;5064328;28;20036;-46
2024/03/24 00:48:03;;;;;;;8.68;2.70;;;15.00;96.20;;;;;;5069459;28;20029;-46
2024/03/24 00:50:29;;;;;;;12.90;3.55;;;15.00;96.20;;;;;;5069036;28;20037;-45
2024/03/24 00:52:55;;;;;;;8.18;3.47;;;15.10;96.00;;;;;;5066163;28;20029;-45
2024/03/24 00:55:21;;;;;;;4.85;2.25;;;15.10;95.40;;;;;;5069321;28;20384;-44
2024/03/24 00:57:47;;;;;;;5.70;2.20;;;15.20;93.80;;;;;;5071736;28;20496;-45
2024/03/24 01:00:13;;;;;;;9.73;2.83;;;15.30;92.50;;;;;;5063683;28;20032;-46
2024/03/24 01:02:39;;;;;;;7.95;2.22;;;15.20;93.00;;;;;;5073389;28;20027;-46
2024/03/24 01:05:05;;;;;;;9.35;2.30;;;15.20;93.40;;;;;;5071142;28;20461;-44
2024/03/24 01:07:31;;;;;;;7.72;2.60;;;15.20;93.90;;;;;;5071566;28;20021;-45
2024/03/24 01:09:57;;;;;;;9.88;3.70;;;15.20;93.80;;;;;;5068502;28;20028;-46
2024/03/24 01:12:25;;;;;;;5.07;2.55;;;15.20;93.70;;;;;;5069138;28;20096;-45
2024/03/24 01:14:51;;;;;;;7.22;2.38;;;15.20;92.90;;;;;;5069036;28;20086;-45
2024/03/24 01:17:17;;;;;;;5.72;2.70;;;15.10;91.60;;;;;;5069251;28;20059;-45
2024/03/24 01:19:42;;;;;;;6.40;2.58;;;15.10;91.00;;;;;;5085104;28;20029;-46
2024/03/24 01:22:08;;;;;;;6.80;1.92;;;15.10;90.60;;;;;;5070466;28;20032;-44
2024/03/24 01:24:34;;;;;;;7.10;1.85;;;15.00;90.30;;;;;;5070665;28;20031;-45
2024/03/24 01:27:00;;;;;;;6.32;1.75;;;15.10;90.00;;;;;;5066118;28;20469;-46
2024/03/24 01:29:26;;;;;;;5.78;2.30;;;15.10;88.80;;;;;;5072249;28;20028;-45
2024/03/24 01:31:51;;;;;;;6.13;1.52;;;15.10;86.80;;;;;;5071163;28;20028;-45
2024/03/24 01:34:21;;;;;;;6.15;1.65;;;15.10;85.00;;;;;;5070568;28;20531;-45
2024/03/24 01:36:47;;;;;;;6.32;1.90;;;15.10;84.00;;;;;;5067815;28;20028;-44
2024/03/24 01:39:14;;;;;;;6.47;2.35;;;15.00;82.90;;;;;;5070340;28;20424;-45
2024/03/24 01:41:40;;;;;;;4.40;1.88;;;15.10;79.80;;;;;;5071347;28;20143;-45
2024/03/24 01:44:06;;;;;;;4.53;1.52;;;15.10;78.10;;;;;;5071889;28;20029;-45
2024/03/24 01:46:32;;;;;;;4.35;1.92;;;15.00;78.10;;;;;;5069074;28;20028;-45
2024/03/24 01:48:58;;;;;;;3.95;2.35;;;15.00;75.80;;;;;;5071105;28;20047;-46
2024/03/24 01:51:25;;;;;;;3.97;1.80;;;15.00;75.80;;;;;;5066664;28;20028;-45
2024/03/24 01:53:53;;;;;;;5.57;1.90;;;14.90;76.30;;;;;;5071745;28;20127;-45
2024/03/24 01:56:19;;;;;;;5.25;1.38;;;14.90;76.60;;;;;;5068213;28;20054;-46
2024/03/24 01:58:45;;;;;;;5.70;1.35;;;14.90;77.30;;;;;;5086469;28;20110;-44
2024/03/24 02:01:11;;;;;;;3.47;1.83;;;14.80;78.40;;;;;;5067286;28;20047;-45
2024/03/24 02:03:37;;;;;;;3.28;1.40;;;14.70;78.90;;;;;;5071012;28;20021;-46
2024/03/24 02:06:03;;;;;;;4.63;2.38;;;14.70;79.50;;;;;;5070896;28;20074;-45
2024/03/24 02:08:30;;;;;;;3.88;1.98;;;14.70;79.40;;;;;;5075103;28;20408;-46
2024/03/24 02:10:59;;;;;;;5.50;1.75;;;14.70;78.50;;;;;;5066159;28;20028;-46
2024/03/24 02:13:26;;;;;;;4.65;1.67;;;14.70;75.70;;;;;;5076488;28;20036;-45
2024/03/24 02:15:55;;;;;;;6.50;1.40;;;14.60;72.90;;;;;;5071901;28;20111;-46
2024/03/24 02:18:23;;;;;;;3.08;1.55;;;14.60;71.70;;;;;;5075436;28;20021;-45
2024/03/24 02:20:50;;;;;;;2.30;1.30;;;14.60;69.40;;;;;;5072257;28;20047;-45
2024/03/24 02:23:16;;;;;;;4.90;1.60;;;14.60;67.50;;;;;;5074810;28;20111;-46
2024/03/24 02:25:42;;;;;;;2.47;1.23;;;14.50;67.60;;;;;;5071205;28;20044;-45
2024/03/24 02:28:08;;;;;;;3.70;1.73;;;14.60;64.30;;;;;;5074152;28;20520;-45
2024/03/24 02:30:34;;;;;;;3.17;1.00;;;14.60;63.00;;;;;;5071784;28;20086;-45
2024/03/24 02:33:02;;;;;;;2.78;1.38;;;14.60;62.00;;;;;;5074418;28;20439;-45
2024/03/24 02:35:28;;;;;;;3.90;1.10;;;14.60;61.00;;;;;;5072586;28;20031;-45
2024/03/24 02:37:54;;;;;;;3.65;1.38;;;14.50;61.30;;;;;;5072855;28;20024;-44
2024/03/24 02:40:20;;;;;;;4.43;1.27;;;14.50;61.90;;;;;;5073785;28;20381;-44
2024/03/24 02:42:46;;;;;;;4.32;1.00;;;14.30;61.80;;;;;;5071693;28;20021;-44
2024/03/24 02:45:12;;;;;;;3.50;1.75;;;14.20;61.80;;;;;;5072406;28;20025;-45
2024/03/24 02:47:40;;;;;;;4.85;0.82;;;14.20;62.80;;;;;;5069075;28;20089;-45
2024/03/24 02:50:07;;;;;;;3.42;1.02;;;14.00;63.30;;;;;;5075055;28;20033;-45
2024/03/24 02:52:33;;;;;;;3.13;0.73;;;14.00;63.20;;;;;;5084041;28;20024;-45
2024/03/24 02:54:59;;;;;;;3.10;1.25;;;14.00;63.20;;;;;;5073306;28;20032;-44
2024/03/24 02:57:25;;;;;;;3.15;1.23;;;13.90;63.40;;;;;;5073383;28;20066;-44
2024/03/24 02:59:51;;;;;;;3.42;1.30;;;13.70;63.60;;;;;;5074119;28;20081;-45
2024/03/24 03:02:17;;;;;;;2.13;1.20;;;13.70;64.00;;;;;;5065219;28;20025;-45
2024/03/24 03:04:42;;;;;;;3.15;1.00;;;13.60;63.30;;;;;;5068250;28;20086;-45
2024/03/24 03:07:08;;;;;;;7.38;1.40;;;13.50;62.10;;;;;;5068821;28;20039;-45
2024/03/24 03:09:34;;;;;;;3.45;1.45;;;13.40;61.30;;;;;;5073968;28;20037;-45
2024/03/24 03:11:59;;;;;;;3.10;1.88;;;13.60;60.60;;;;;;5073176;28;20037;-45
2024/03/24 03:14:25;;;;;;;2.88;0.88;;;13.60;59.30;;;;;;5073209;28;20039;-44
2024/03/24 03:16:51;;;;;;;3.15;1.27;;;13.70;58.00;;;;;;5068643;28;20025;-45
2024/03/24 03:19:16;;;;;;;3.85;0.93;;;13.80;57.60;;;;;;5072733;28;20516;-44
2024/03/24 03:21:42;;;;;;;3.05;0.88;;;13.80;57.10;;;;;;5070791;28;20052;-47
2024/03/24 03:24:08;;;;;;;1.58;0.95;;;13.90;55.70;;;;;;5072745;28;20521;-44
2024/03/24 03:26:34;;;;;;;1.45;0.82;;;14.10;55.70;;;;;;5069182;28;20025;-44
2024/03/24 03:28:59;;;;;;;2.20;1.17;;;14.10;56.00;;;;;;5073628;28;20041;-44
2024/03/24 03:31:25;;;;;;;2.78;1.13;;;14.10;55.40;;;;;;5070180;28;20031;-46
2024/03/24 03:33:50;;;;;;;2.10;1.02;;;14.10;55.30;;;;;;5071657;28;20042;-45
2024/03/24 03:36:16;;;;;;;4.03;0.77;;;14.10;56.10;;;;;;5069199;28;20119;-45
2024/03/24 03:38:42;;;;;;;1.65;1.42;;;14.10;56.20;;;;;;5073058;28;20431;-44
2024/03/24 03:41:07;;;;;;;1.83;1.30;;;14.10;56.40;;;;;;5068349;28;20066;-45
2024/03/24 03:43:33;;;;;;;4.22;2.30;;;14.10;56.30;;;;;;5072423;28;20013;-45
2024/03/24 03:46:00;;;;;;;3.05;1.42;;;14.10;56.20;;;;;;5074878;28;20029;-45
2024/03/24 03:48:25;;;;;;;3.42;1.23;;;14.10;56.10;;;;;;5071404;28;20020;-45
2024/03/24 03:50:51;;;;;;;3.38;1.50;;;14.00;55.50;;;;;;5071673;28;20033;-45
2024/03/24 03:53:25;;;;;;;2.40;1.42;;;14.00;55.50;;;;;;5070955;28;20477;-45
2024/03/24 03:55:51;;;;;;;2.85;2.05;;;14.00;54.70;;;;;;5071781;28;20024;-45
2024/03/24 03:58:26;;;;;;;1.83;1.70;;;14.00;54.70;;;;;;5072157;28;20033;-44
2024/03/24 04:00:51;;;;;;;;;;;14.00;54.70;;;;;;5073509;28;20028;-45
2024/03/24 04:03:17;;;;;;;2.55;0.60;;;14.00;54.40;;;;;;5066077;28;19915;-45
2024/03/24 04:05:43;;;;;;;1.40;1.25;;;14.00;54.40;;;;;;5070624;28;20052;-45
2024/03/24 04:08:09;;;;;;;3.35;1.17;;;14.00;54.20;;;;;;5070411;28;20024;-45
2024/03/24 04:10:35;;;;;;;1.27;0.65;;;14.00;53.60;;;;;;5071942;28;20423;-44
2024/03/24 04:13:02;;;;;;;1.30;0.70;;;13.90;53.60;;;;;;5071625;28;20020;-44
2024/03/24 04:15:28;;;;;;;2.65;1.00;;;14.00;53.90;;;;;;5071655;28;20061;-45
2024/03/24 04:17:54;;;;;;;2.15;1.25;;;13.90;54.30;;;;;;5067419;28;20030;-45
2024/03/24 04:20:19;;;;;;;2.15;0.95;;;13.90;54.40;;;;;;5069227;28;20037;-45
2024/03/24 04:22:45;;;;;;;2.35;1.00;;;13.90;54.90;;;;;;5069036;28;20387;-45
2024/03/24 04:25:11;;;;;;;5.32;1.08;;;13.90;54.90;;;;;;5071322;28;20461;-45
2024/03/24 04:27:37;;;;;;;1.75;1.00;;;13.90;53.20;;;;;;5068668;28;20119;-45
2024/03/24 04:30:04;;;;;;;1.58;0.90;;;13.90;53.80;;;;;;5071303;28;20473;-45
2024/03/24 04:32:30;;;;;;;1.95;1.17;;;13.90;54.00;;;;;;5065072;28;20024;-44
2024/03/24 04:34:56;;;;;;;3.80;1.77;;;13.90;53.90;;;;;;5071641;28;20036;-44
2024/03/24 04:37:22;;;;;;;2.47;2.28;;;13.80;54.20;;;;;;5069179;28;20036;-45
2024/03/24 04:39:48;;;;;;;1.88;0.88;;;13.80;54.30;;;;;;5069697;28;20033;-44
2024/03/24 04:42:13;;;;;;;4.00;1.55;;;13.80;55.10;;;;;;5071704;28;20024;-45
2024/03/24 04:44:40;;;;;;;4.60;0.90;;;13.70;55.40;;;;;;5071661;28;20437;-45
2024/03/24 04:47:06;;;;;;;2.38;0.82;;;13.60;55.50;;;;;;5069853;28;20029;-45
2024/03/24 04:49:33;;;;;;;1.55;0.98;;;13.50;56.00;;;;;;5069298;28;20151;-45
2024/03/24 04:51:59;;;;;;;2.22;1.23;;;13.40;56.00;;;;;;5069000;28;20445;-45
2024/03/24 04:54:26;;;;;;;2.03;1.52;;;13.30;56.00;;;;;;5070892;28;20089;-45
2024/03/24 04:56:52;;;;;;;1.42;0.82;;;13.20;56.30;;;;;;5066508;28;20025;-45
2024/03/24 04:59:17;;;;;;;6.18;1.35;;;13.20;56.30;;;;;;5074697;28;20032;-45
2024/03/24 05:01:44;;;;;;;2.45;1.08;;;13.10;56.70;;;;;;5071551;28;20032;-45
2024/03/24 05:04:11;;;;;;;2.95;1.02;;;13.10;56.60;;;;;;5068931;28;20024;-45
2024/03/24 05:06:37;;;;;;;2.63;1.02;;;13.10;56.60;;;;;;5067707;28;20074;-45
2024/03/24 05:09:04;;;;;;;1.65;1.15;;;13.00;56.90;;;;;;5071653;28;20494;-44
2024/03/24 05:11:30;;;;;;;2.00;0.60;;;13.00;57.30;;;;;;5065869;28;20028;-44
2024/03/24 05:13:56;;;;;;;2.13;0.77;;;12.90;57.40;;;;;;5071819;28;20051;-45
2024/03/24 05:16:22;;;;;;;2.38;1.48;;;12.90;57.70;;;;;;5071133;28;20056;-45
2024/03/24 05:18:47;;;;;;;1.80;1.00;;;12.90;57.70;;;;;;5071258;28;20157;-45
2024/03/24 05:21:13;;;;;;;2.20;1.05;;;12.90;57.90;;;;;;5066956;28;20020;-45
2024/03/24 05:23:39;;;;;;;1.58;1.35;;;12.80;57.60;;;;;;5070993;28;20060;-45
2024/03/24 05:26:05;;;;;;;2.97;1.60;;;12.80;58.10;;;;;;5066813;28;20107;-45
2024/03/24 05:28:31;;;;;;;2.35;0.93;;;12.80;58.10;;;;;;5070286;28;20373;-44
2024/03/24 05:30:57;;;;;;;1.73;0.93;;;12.70;58.10;;;;;;5068513;28;20025;-44
2024/03/24 05:33:22;;;;;;;1.95;0.85;;;12.70;58.40;;;;;;5069975;28;20035;-44
2024/03/24 05:35:58;;;;;;;1.65;0.80;;;12.70;58.60;;;;;;5071485;28;20025;-44
2024/03/24 05:38:24;;;;;;;1.60;0.80;;;12.60;58.80;;;;;;5069209;28;20025;-46
2024/03/24 05:41:00;;;;;;;1.45;0.82;;;12.60;58.60;;;;;;5063432;28;20032;-44
2024/03/24 05:43:27;;;;;;;1.23;0.85;;;12.60;58.80;;;;;;5071278;28;20051;-44
2024/03/24 05:45:54;;;;;;;2.80;1.25;;;12.60;59.30;;;;;;5079294;28;20093;-45
2024/03/24 05:48:21;;;;;;;1.48;0.88;;;12.60;59.40;;;;;;5075285;28;20146;-44
2024/03/24 05:50:55;;;;;;;1.20;0.90;;;12.60;59.50;;;;;;5075327;28;20100;-45
2024/03/24 05:53:21;;;;;;;2.50;1.55;;;12.60;59.70;;;;;;5072301;28;20078;-45
2024/03/24 05:55:47;;;;;;;3.20;1.13;;;12.60;60.60;;;;;;5074539;28;20081;-45
2024/03/24 05:58:13;;;;;;;1.88;1.25;;;12.60;60.80;;;;;;5073298;28;20108;-45
2024/03/24 06:00:39;;;;;;;3.03;2.03;;;12.60;60.70;;;;;;5086263;28;20036;-45
2024/03/24 06:03:05;;;;;;;2.63;1.67;;;12.60;62.00;;;;;;5066894;28;20020;-45
2024/03/24 06:05:31;;;;;;;3.85;1.10;;;12.60;64.00;;;;;;5071782;28;20769;-45
2024/03/24 06:07:56;;;;;;;2.17;1.13;;;12.60;64.50;;;;;;5061660;28;20036;-46
2024/03/24 06:10:22;;;;;;;2.58;1.42;;;12.60;63.30;;;;;;5062510;28;20381;-45
2024/03/24 06:12:48;;;;;;;2.05;0.95;;;12.60;61.10;;;;;;5064653;28;20078;-46
2024/03/24 06:15:13;;;;;;;2.70;1.00;;;12.70;60.70;;;;;;5066591;28;20099;-45
2024/03/24 06:17:39;;;;;;;1.20;1.02;;;12.70;61.30;;;;;;5074600;28;20032;-46
2024/03/24 06:20:06;;;;;;;1.52;1.10;;;12.70;61.00;;;;;;5071906;28;20028;-45
2024/03/24 06:22:32;;;;;;;1.15;1.02;;;12.70;60.40;;;;;;5072169;28;20385;-46
2024/03/24 06:24:58;;;;;;;2.00;1.17;;;12.70;60.30;;;;;;5068697;28;20044;-46
2024/03/24 06:27:24;;;;;;;1.40;0.95;;;12.90;59.90;;;;;;5069470;28;20066;-45
2024/03/24 06:29:49;;;;;;;1.20;0.73;;;13.00;59.40;;;;;;5061650;28;20044;-45
2024/03/24 06:32:15;;;;;;;2.55;1.40;;;12.90;60.00;;;;;;5062384;28;20056;-45
2024/03/24 06:34:41;;;;;;;2.78;1.75;;;12.90;59.90;;;;;;5064217;28;20020;-45
2024/03/24 06:37:07;;;;;;;4.05;1.45;;;12.90;60.40;;;;;;5067463;28;20070;-44
2024/03/24 06:39:33;;;;;;;3.90;1.55;;;12.90;61.10;;;;;;5073913;28;20032;-45
2024/03/24 06:42:04;;;;;;;4.93;2.40;;;12.80;61.40;;;;;;5069683;28;20020;-45
2024/03/24 06:44:35;;;;;;;9.55;6.30;;;12.70;62.10;;;;;;5069327;28;20431;-45
2024/03/24 06:47:01;;;;;;;6.18;3.00;;;12.70;62.20;;;;;;5073416;28;20020;-45
2024/03/24 06:49:28;;;;;;;12.32;7.40;;;12.70;62.30;;;;;;5073211;28;20021;-45
2024/03/24 06:51:53;;;;;;;8.52;3.90;;;12.80;63.50;;;;;;5064059;28;20485;-46
2024/03/24 06:54:19;;;;;;;9.98;4.20;;;12.80;63.50;;;;;;5067787;28;20025;-45
2024/03/24 06:56:45;;;;;;;4.97;3.17;;;12.80;64.10;;;;;;5069186;28;20051;-45
2024/03/24 06:59:11;;;;;;;7.50;4.78;;;12.90;64.40;;;;;;5074101;28;20032;-45
2024/03/24 07:01:38;;;;;;;10.45;6.32;;;12.90;65.20;;;;;;5072536;28;20103;-45
2024/03/24 07:04:04;;;;;;;7.32;5.25;;;12.90;65.00;;;;;;5071800;28;20040;-45
2024/03/24 07:06:32;;;;;;;12.38;6.40;;;12.80;65.60;;;;;;5070393;28;20048;-45
2024/03/24 07:08:57;;;;;;;14.63;8.07;;;12.80;65.40;;;;;;5078810;28;20044;-45
2024/03/24 07:11:23;;;;;;;9.95;5.93;;;12.90;65.30;;;;;;5071289;28;20024;-45
2024/03/24 07:13:49;;;;;;;6.07;3.83;;;12.90;64.70;;;;;;5070687;28;20119;-45
2024/03/24 07:16:16;;;;;;;6.30;1.67;;;12.80;64.20;;;;;;5072158;28;20032;-45
2024/03/24 07:18:41;;;;;;;2.30;1.40;;;12.90;64.50;;;;;;5072651;28;20021;-45
2024/03/24 07:21:07;;;;;;;3.28;1.10;;;12.90;63.40;;;;;;5073612;28;20039;-45
2024/03/24 07:23:34;;;;;;;2.03;1.08;;;12.90;63.40;;;;;;5073600;28;20047;-45
2024/03/24 07:26:00;;;;;;;2.67;0.95;;;12.90;63.80;;;;;;5073610;28;20489;-45
2024/03/24 07:28:26;;;;;;;2.78;1.15;;;12.90;64.00;;;;;;5072465;28;20430;-45
2024/03/24 07:30:51;;;;;;;2.00;0.80;;;13.00;63.90;;;;;;5079588;28;20051;-45
2024/03/24 07:33:17;;;;;;;3.67;1.10;;;12.90;64.20;;;;;;5074115;28;20029;-44
2024/03/24 07:35:43;;;;;;;4.78;0.88;;;12.90;65.30;;;;;;5072609;28;20025;-44
2024/03/24 07:38:11;;;;;;;2.75;2.25;;;12.90;65.80;;;;;;5074005;28;20032;-44
2024/03/24 07:40:38;;;;;;;2.75;1.42;;;12.90;65.90;;;;;;5073720;28;20378;-44
2024/03/24 07:43:04;;;;;;;3.33;1.58;;;12.90;68.40;;;;;;5073458;28;20024;-45
2024/03/24 07:45:31;;;;;;;3.78;1.20;;;12.80;68.30;;;;;;5073486;28;20469;-45
2024/03/24 07:47:57;;;;;;;6.43;1.58;;;12.80;69.80;;;;;;5071737;28;20036;-45
2024/03/24 07:50:22;;;;;;;5.47;3.13;;;12.80;71.30;;;;;;5077139;28;20025;-45
2024/03/24 07:52:48;;;;;;;9.75;2.45;;;12.70;74.30;;;;;;5073029;28;20025;-45
2024/03/24 07:55:14;;;;;;;4.03;2.30;;;12.60;75.00;;;;;;5073221;28;20108;-46
2024/03/24 07:57:40;;;;;;;3.45;2.50;;;12.60;75.30;;;;;;5073128;28;20021;-45
2024/03/24 08:00:07;;;;;;;3.42;1.88;;;12.70;75.20;;;;;;5073239;28;20491;-45
2024/03/24 08:02:32;;;;;;;4.85;2.05;;;12.70;76.20;;;;;;5073009;28;20393;-45
2024/03/24 08:04:58;;;;;;;4.68;2.55;;;12.70;77.20;;;;;;5071941;28;20044;-45
2024/03/24 08:07:24;;;;;;;7.35;2.15;;;12.60;76.90;;;;;;5071931;28;20389;-45
2024/03/24 08:09:50;;;;;;;3.30;2.38;;;12.60;77.80;;;;;;5072006;28;20028;-45
2024/03/24 08:12:16;;;;;;;3.47;2.00;;;12.60;78.20;;;;;;5076011;28;20016;-45
2024/03/24 08:14:42;;;;;;;4.82;1.88;;;12.80;79.30;;;;;;5073928;28;20052;-45
2024/03/24 08:17:08;;;;;;;4.18;2.58;;;12.90;79.70;;;;;;5072911;28;20036;-45
2024/03/24 08:19:34;;;;;;;5.28;3.08;;;12.90;80.00;;;;;;5072674;28;20028;-45
2024/03/24 08:22:00;;;;;;;7.88;2.30;;;13.00;79.10;;;;;;5072757;28;20427;-45
2024/03/24 08:24:26;;;;;;;5.97;2.38;;;13.00;78.80;;;;;;5072532;28;20044;-46
2024/03/24 08:26:51;;;;;;;4.53;3.15;;;13.10;79.10;;;;;;5072571;28;20071;-45
2024/03/24 08:29:17;;;;;;;6.35;3.22;;;13.00;80.10;;;;;;5085491;28;20082;-45
2024/03/24 08:31:43;;;;;;;5.65;3.05;;;12.90;80.90;;;;;;5071779;28;20642;-45
2024/03/24 08:34:09;;;;;;;5.45;3.20;;;12.90;81.30;;;;;;5072542;28;20049;-45
2024/03/24 08:36:35;;;;;;;5.55;3.10;;;12.90;81.00;;;;;;5072715;28;20075;-46
2024/03/24 08:39:02;;;;;;;7.95;3.45;;;12.90;80.80;;;;;;5072584;28;20460;-46
2024/03/24 08:41:27;;;;;;;8.73;2.75;;;13.00;81.10;;;;;;5072523;28;20461;-45
2024/03/24 08:43:55;;;;;;;8.70;2.53;;;13.10;81.10;;;;;;5071716;28;20090;-45
2024/03/24 08:46:21;;;;;;;5.20;2.92;;;13.10;80.80;;;;;;5071216;28;20032;-46
2024/03/24 08:48:48;;;;;;;6.38;3.30;;;13.10;81.00;;;;;;5072424;28;20086;-45
2024/03/24 08:51:15;;;;;;;5.10;2.30;;;13.10;81.00;;;;;;5072040;28;20028;-45
2024/03/24 08:53:40;;;;;;;4.65;2.17;;;13.20;79.60;;;;;;5072576;28;20037;-46
2024/03/24 08:56:06;;;;;;;4.70;2.70;;;13.30;79.60;;;;;;5072423;28;20107;-45
2024/03/24 08:58:33;;;;;;;6.97;3.00;;;13.40;80.10;;;;;;5071468;28;20426;-46
2024/03/24 09:00:59;;;;;;;5.50;3.35;;;13.40;81.30;;;;;;5072793;28;20024;-46
2024/03/24 09:03:24;;;;;;;5.75;2.53;;;13.30;82.10;;;;;;5072517;28;20051;-45
2024/03/24 09:05:50;;;;;;;4.38;2.42;;;13.40;80.70;;;;;;5070452;28;20032;-45
2024/03/24 09:08:16;;;;;;;5.40;3.20;;;13.50;78.90;;;;;;5068490;28;20032;-45
2024/03/24 09:10:42;;;;;;;4.15;3.47;;;13.40;79.70;;;;;;5074421;28;20016;-45
2024/03/24 09:13:07;;;;;;;3.88;2.47;;;13.40;80.20;;;;;;5072424;28;20020;-45
2024/03/24 09:15:33;;;;;;;3.83;2.50;;;13.40;80.70;;;;;;5072645;28;20107;-45
2024/03/24 09:18:01;;;;;;;5.45;2.85;;;13.60;80.10;;;;;;5076311;28;20036;-44
2024/03/24 09:20:27;;;;;;;4.93;2.95;;;13.60;80.60;;;;;;5076360;28;20040;-45
2024/03/24 09:22:52;;;;;;;6.72;2.80;;;13.60;80.10;;;;;;5075102;28;20024;-45
2024/03/24 09:25:18;;;;;;;6.55;3.92;;;13.60;80.00;;;;;;5076579;28;20068;-45
2024/03/24 09:27:50;;;;;;;3.85;2.25;;;13.60;80.60;;;;;;5072722;28;20024;-45
2024/03/24 09:30:16;;;;;;;5.65;3.25;;;13.60;80.90;;;;;;5075731;28;20032;-45
2024/03/24 09:32:46;;;;;;;7.00;3.20;;;13.70;82.30;;;;;;5075642;28;20056;-46
2024/03/24 09:35:12;;;;;;;5.63;3.00;;;13.80;84.30;;;;;;5075709;28;20059;-45
2024/03/24 09:37:38;;;;;;;6.28;3.05;;;13.80;85.50;;;;;;5076265;28;20432;-45
2024/03/24 09:40:04;;;;;;;6.60;3.58;;;13.80;83.70;;;;;;5076312;28;20060;-45
2024/03/24 09:42:31;;;;;;;7.45;3.95;;;13.80;85.70;;;;;;5075669;28;20029;-45
2024/03/24 09:45:00;;;;;;;5.28;3.67;;;13.80;85.60;;;;;;5075361;28;20033;-45
2024/03/24 09:47:27;;;;;;;7.10;4.07;;;13.90;85.50;;;;;;5075641;28;20024;-46
2024/03/24 09:49:56;;;;;;;7.47;4.70;;;13.90;85.60;;;;;;5075665;28;20104;-45
2024/03/24 09:52:23;;;;;;;8.18;4.05;;;13.80;86.10;;;;;;5075607;28;20102;-46
2024/03/24 09:54:49;;;;;;;5.85;4.28;;;13.90;87.40;;;;;;5082657;28;20028;-46
2024/03/24 09:57:17;;;;;;;5.10;3.20;;;13.90;85.60;;;;;;5091168;28;20484;-45
2024/03/24 09:59:47;;;;;;;6.60;3.97;;;14.00;86.10;;;;;;5074192;28;20024;-46
2024/03/24 10:02:14;;;;;;;6.72;4.35;;;14.10;85.70;;;;;;5074419;28;20036;-46
2024/03/24 10:04:40;;;;;;;6.05;4.40;;;14.10;84.50;;;;;;5074122;28;20056;-46
2024/03/24 10:07:06;;;;;;;6.70;3.85;;;14.10;84.40;;;;;;5075334;28;20473;-45
2024/03/24 10:09:32;;;;;;;5.78;3.45;;;14.10;85.00;;;;;;5075324;28;20074;-45
2024/03/24 10:12:10;;;;;;;4.28;2.83;;;14.10;83.80;;;;;;5072642;28;20063;-45
2024/03/24 10:14:35;;;;;;;7.05;3.13;;;14.20;84.30;;;;;;5075335;28;20051;-45
2024/03/24 10:17:19;;;;;;;5.38;3.10;;;14.20;84.80;;;;;;5075162;28;20471;-45
2024/03/24 10:19:54;;;;;;;5.20;2.78;;;14.30;81.60;;;;;;5075289;28;20119;-45
2024/03/24 10:22:20;;;;;;;31.35;4.95;;;14.40;85.20;;;;;;5074916;28;20028;-45
2024/03/24 10:24:46;;;;;;;18.65;4.18;;;14.50;82.50;;;;;;5074690;28;20043;-46
2024/03/24 10:27:12;;;;;;;6.60;3.08;;;14.50;82.70;;;;;;5073759;28;20385;-45
2024/03/24 10:29:39;;;;;;;8.20;3.90;;;14.50;83.50;;;;;;5073453;28;20036;-46
2024/03/24 10:32:07;;;;;;;11.65;3.15;;;14.50;80.00;;;;;;5074010;28;20116;-45
2024/03/24 10:34:35;;;;;;;5.90;3.38;;;14.50;79.20;;;;;;5073823;28;20028;-45
2024/03/24 10:37:01;;;;;;;7.85;3.05;;;14.70;79.10;;;;;;5081343;28;20056;-45
2024/03/24 10:39:27;;;;;;;7.35;3.03;;;14.70;78.30;;;;;;5090512;28;20121;-46
2024/03/24 10:41:57;;;;;;;5.05;2.55;;;14.70;80.20;;;;;;5074871;28;20415;-46
2024/03/24 10:44:25;;;;;;;6.38;3.25;;;14.80;79.70;;;;;;5074569;28;20046;-45
2024/03/24 10:46:53;;;;;;;7.35;3.40;;;14.80;77.40;;;;;;5074659;28;20035;-44
2024/03/24 10:49:23;;;;;;;5.28;2.97;;;14.90;81.10;;;;;;5074339;28;20038;-46
2024/03/24 10:51:49;;;;;;;5.57;2.92;;;14.90;81.20;;;;;;5071788;28;20028;-45
2024/03/24 10:54:18;;;;;;;5.35;2.97;;;15.10;86.10;;;;;;5073055;28;20421;-45
2024/03/24 10:56:46;;;;;;;6.03;2.63;;;15.10;78.10;;;;;;5074356;28;20052;-45
2024/03/24 10:59:13;;;;;;;5.65;3.50;;;15.10;76.90;;;;;;5073200;28;20467;-46
2024/03/24 11:01:39;;;;;;;5.40;2.83;;;15.10;77.20;;;;;;5074386;28;20024;-45
2024/03/24 11:04:07;;;;;;;6.03;2.55;;;15.10;76.50;;;;;;5074493;28;20033;-46
2024/03/24 11:06:34;;;;;;;5.50;3.40;;;15.20;76.40;;;;;;5073116;28;20029;-46
2024/03/24 11:09:00;;;;;;;4.88;2.78;;;15.10;77.20;;;;;;5071163;28;20033;-45
2024/03/24 11:11:26;;;;;;;5.60;2.63;;;15.20;75.50;;;;;;5072695;28;20017;-46
2024/03/24 11:13:54;;;;;;;5.43;2.28;;;15.20;73.50;;;;;;5074319;28;20049;-45
2024/03/24 11:16:24;;;;;;;7.15;4.10;;;15.30;74.40;;;;;;5074194;28;20028;-46
2024/03/24 11:18:50;;;;;;;4.85;2.05;;;15.30;73.30;;;;;;5072868;28;20029;-46
2024/03/24 11:21:34;;;;;;;4.93;3.42;;;15.20;73.30;;;;;;5074047;28;20032;-45
2024/03/24 11:24:02;;;;;;;3.80;2.25;;;15.30;73.30;;;;;;5073809;28;20033;-45
2024/03/24 11:26:31;;;;;;;2.75;1.63;;;15.30;71.60;;;;;;5074091;28;20070;-45
2024/03/24 11:28:57;;;;;;;4.60;2.20;;;15.40;68.00;;;;;;5071492;28;20112;-45
2024/03/24 11:31:23;;;;;;;5.05;1.88;;;15.30;66.20;;;;;;5075376;28;20170;-45
2024/03/24 11:34:05;;;;;;;4.47;2.17;;;15.40;69.20;;;;;;5073932;28;20024;-45
2024/03/24 11:36:32;;;;;;;3.45;2.05;;;15.50;70.10;;;;;;5072275;28;20028;-45
2024/03/24 11:39:00;;;;;;;4.88;1.98;;;15.50;69.60;;;;;;5072195;28;20025;-45
2024/03/24 11:41:26;;;;;;;3.25;2.05;;;15.50;70.50;;;;;;5073657;28;20154;-45
2024/03/24 11:44:01;;;;;;;5.35;1.98;;;15.60;67.40;;;;;;5073519;28;20127;-45
2024/03/24 11:46:28;;;;;;;4.60;2.35;;;15.70;66.90;;;;;;5071149;28;20496;-46
2024/03/24 11:48:56;;;;;;;4.03;2.20;;;15.70;67.60;;;;;;5070917;28;20484;-45
2024/03/24 11:51:23;;;;;;;6.50;3.13;;;15.80;67.10;;;;;;5065738;28;20173;-47
2024/03/24 11:53:54;;;;;;;6.50;2.22;;;15.80;68.50;;;;;;5073520;28;20031;-45
2024/03/24 11:56:21;;;;;;;4.50;2.92;;;15.80;67.10;;;;;;5073546;28;20027;-46
2024/03/24 11:58:54;;;;;;;5.28;2.78;;;16.00;68.90;;;;;;5066911;28;20025;-45
2024/03/24 12:01:24;;;;;;;6.97;3.72;;;15.90;75.20;;;;;;5072025;28;20035;-46
2024/03/24 12:03:51;;;;;;;8.25;3.25;;;16.00;78.10;;;;;;5073125;28;20043;-46
2024/03/24 12:06:18;;;;;;;6.35;3.28;;;16.00;77.60;;;;;;5071455;28;20119;-46
2024/03/24 12:08:45;;;;;;;6.25;2.70;;;16.00;76.90;;;;;;5074802;28;20032;-46
2024/03/24 12:11:14;;;;;;;6.00;3.53;;;16.00;74.60;;;;;;5070297;28;20044;-46
2024/03/24 12:13:42;;;;;;;5.20;2.88;;;16.00;74.20;;;;;;5071363;28;20032;-45
2024/03/24 12:16:13;;;;;;;5.55;3.10;;;16.00;74.10;;;;;;5072728;28;20427;-45
2024/03/24 12:18:39;;;;;;;7.78;3.75;;;16.10;75.50;;;;;;5073051;28;20028;-46
2024/03/24 12:21:06;;;;;;;9.52;3.63;;;16.10;72.60;;;;;;5072923;28;20032;-46
2024/03/24 12:23:32;;;;;;;6.55;2.90;;;16.10;72.40;;;;;;5072760;28;20059;-46
2024/03/24 12:25:59;;;;;;;6.88;2.63;;;16.10;72.60;;;;;;5073016;28;20102;-46
2024/03/24 12:28:25;;;;;;;7.10;4.10;;;16.10;71.70;;;;;;5072907;28;20392;-45
2024/03/24 12:30:52;;;;;;;6.13;3.10;;;16.10;73.60;;;;;;5070421;28;20036;-45
2024/03/24 12:33:23;;;;;;;11.77;3.78;;;16.10;73.50;;;;;;5076750;28;20496;-45
2024/03/24 12:35:50;;;;;;;5.88;2.58;;;16.20;72.00;;;;;;5073064;28;20028;-45
2024/03/24 12:38:17;;;;;;;6.75;3.47;;;16.30;69.50;;;;;;5072476;28;20035;-45
2024/03/24 12:40:53;;;;;;;6.10;2.20;;;16.30;69.80;;;;;;5072814;28;20020;-46
2024/03/24 12:43:26;;;;;;;7.70;3.20;;;16.40;70.60;;;;;;5072563;28;20036;-46
2024/03/24 12:45:54;;;;;;;8.00;2.63;;;16.40;71.50;;;;;;5072514;28;20051;-46
2024/03/24 12:48:22;;;;;;;5.93;2.78;;;16.40;71.70;;;;;;5070067;28;20234;-46
2024/03/24 12:50:49;;;;;;;6.63;2.30;;;16.60;75.00;;;;;;5075381;28;20149;-45
2024/03/24 12:53:34;;;;;;;4.53;2.55;;;16.60;69.80;;;;;;5070792;28;20389;-45
2024/03/24 12:56:02;;;;;;;5.85;2.88;;;16.60;67.50;;;;;;5072272;28;20082;-45
2024/03/24 12:58:33;;;;;;;6.28;2.83;;;16.50;69.20;;;;;;5072691;28;20033;-45
2024/03/24 13:01:02;;;;;;;6.85;2.80;;;16.70;69.80;;;;;;5072894;28;20111;-45
2024/03/24 13:03:28;;;;;;;5.75;2.50;;;16.60;69.90;;;;;;5072408;28;20024;-45
2024/03/24 13:05:57;;;;;;;5.22;3.22;;;16.60;72.20;;;;;;5070430;28;20116;-46
2024/03/24 13:08:23;;;;;;;5.00;2.85;;;16.70;70.60;;;;;;5085908;28;20113;-46
2024/03/24 13:10:49;;;;;;;5.18;2.25;;;16.80;67.90;;;;;;5071861;28;20028;-45
2024/03/24 13:13:16;;;;;;;4.85;2.72;;;17.00;69.40;;;;;;5064076;28;20032;-46
2024/03/24 13:15:42;;;;;;;4.72;2.35;;;17.20;69.40;;;;;;5056551;28;21502;-45
2024/03/24 13:18:21;;;;;;;5.20;3.05;;;17.40;68.50;;;;;;5065708;28;20123;-46
2024/03/24 13:20:51;;;;;;;4.82;2.45;;;17.90;68.90;;;;;;5046559;28;20060;-46
2024/03/24 13:23:19;;;;;;;4.43;2.50;;;19.00;67.50;;;;;;5055887;28;20040;-46
2024/03/24 13:25:50;;;;;;;3.63;1.92;;;19.90;66.80;;;;;;5066354;28;20048;-46
2024/03/24 13:28:18;;;;;;;3.00;1.45;;;20.00;63.30;;;;;;5071232;28;20481;-46
2024/03/24 13:30:45;;;;;;;3.30;2.20;;;20.40;66.40;;;;;;5064716;28;20443;-45
2024/03/24 13:33:12;;;;;;;4.43;2.15;;;20.00;66.00;;;;;;5069202;28;20485;-47
2024/03/24 13:35:39;;;;;;;3.05;1.77;;;19.70;67.00;;;;;;5069015;28;20039;-45
2024/03/24 13:38:14;;;;;;;4.75;1.33;;;19.30;64.70;;;;;;5071500;28;20104;-45
2024/03/24 13:40:55;;;;;;;3.60;1.95;;;19.10;64.60;;;;;;5066628;28;20131;-46
2024/03/24 13:43:50;;;;;;;7.35;2.35;;;18.90;65.10;;;;;;5063635;28;20016;-48
2024/03/24 13:46:23;;;;;;;2.83;1.27;;;19.10;66.90;;;;;;5069179;28;20060;-45
2024/03/24 13:48:49;;;;;;;3.17;1.85;;;19.70;64.50;;;;;;5064032;28;20020;-46
2024/03/24 13:51:15;;;;;;;3.92;1.38;;;20.50;65.30;;;;;;5061932;28;20055;-46
2024/03/24 13:53:50;;;;;;;4.72;2.20;;;20.30;64.50;;;;;;5063644;28;20469;-46
2024/03/24 13:56:16;;;;;;;3.63;1.75;;;20.10;66.20;;;;;;5066068;28;20073;-46
2024/03/24 13:58:43;;;;;;;2.47;1.55;;;19.80;68.00;;;;;;5063422;28;20025;-47
2024/03/24 14:01:09;;;;;;;7.80;1.58;;;19.70;69.00;;;;;;5057978;28;20021;-47
2024/03/24 14:03:35;;;;;;;2.88;1.17;;;19.30;66.40;;;;;;5062126;28;20504;-47
2024/03/24 14:06:01;;;;;;;2.45;0.85;;;18.90;66.50;;;;;;5061223;28;20032;-46
2024/03/24 14:08:27;;;;;;;4.15;2.00;;;18.70;65.70;;;;;;5059885;28;20438;-47
2024/03/24 14:10:53;;;;;;;2.28;1.25;;;18.70;68.20;;;;;;5066687;28;20031;-46
2024/03/24 14:13:44;;;;;;;5.20;2.95;;;18.90;67.30;;;;;;5059974;28;22708;-46
2024/03/24 14:16:40;;;;;;;3.25;1.65;;;19.90;68.10;;;;;;5043283;28;20036;-47
2024/03/24 14:19:24;;;;;;;6.15;1.02;;;21.00;64.80;;;;;;5068985;28;20741;-46
2024/03/24 14:22:08;;;;;;;3.67;1.02;;;21.70;63.00;;;;;;5066938;28;20469;-46
2024/03/24 14:24:45;;;;;;;2.25;1.08;;;22.00;63.80;;;;;;5067988;28;20039;-47
2024/03/24 14:27:11;;;;;;;2.65;0.90;;;21.40;63.90;;;;;;5066841;28;20035;-46
2024/03/24 14:29:37;;;;;;;3.95;1.58;;;20.90;64.50;;;;;;5064433;28;20049;-46
2024/03/24 14:32:04;;;;;;;2.80;0.95;;;19.90;65.10;;;;;;5069284;28;20021;-45
2024/03/24 14:34:29;;;;;;;4.15;1.30;;;19.60;68.20;;;;;;5075456;28;20031;-45
2024/03/24 14:37:30;;;;;;;2.80;1.55;;;19.30;66.20;;;;;;5075051;28;20458;-46
2024/03/24 14:40:29;;;;;;;5.03;1.67;;;19.00;66.80;;;;;;5065689;28;20128;-45
2024/03/24 14:43:16;;;;;;;2.47;1.13;;;18.70;67.10;;;;;;5074930;28;20372;-46
2024/03/24 14:46:00;;;;;;;;;;;18.40;67.40;;;;;;5075135;28;20117;-47
2024/03/24 14:48:28;;;;;;;2.80;1.50;;;18.00;68.00;;;;;;5075043;28;19904;-47
2024/03/24 14:50:54;;;;;;;2.67;1.38;;;17.80;68.90;;;;;;5068528;28;20024;-45
2024/03/24 14:53:20;;;;;;;3.20;1.55;;;18.20;69.40;;;;;;5070040;28;20039;-46
2024/03/24 14:55:46;;;;;;;3.60;1.58;;;18.60;68.50;;;;;;5080297;28;20032;-46
2024/03/24 14:58:16;;;;;;;3.10;0.90;;;18.70;67.30;;;;;;5073315;28;20033;-46
2024/03/24 15:00:42;;;;;;;3.47;0.93;;;18.50;68.50;;;;;;5074492;28;20032;-46
2024/03/24 15:03:08;;;;;;;4.45;0.98;;;18.50;69.00;;;;;;5074449;28;20469;-45
2024/03/24 15:05:36;;;;;;;3.38;0.70;;;18.50;69.20;;;;;;5074131;28;20062;-46
2024/03/24 15:08:02;;;;;;;;;;;19.00;70.90;;;;;;5072860;28;20025;-46
2024/03/24 15:10:28;;;;;;;4.68;0.98;;;19.60;68.60;;;;;;5067656;28;19908;-46
2024/03/24 15:12:54;;;;;;;3.13;1.02;;;20.00;68.00;;;;;;5076784;28;20035;-46
2024/03/24 15:15:19;;;;;;;4.35;1.58;;;20.10;67.80;;;;;;5066254;28;20450;-46
2024/03/24 15:17:45;;;;;;;4.05;1.15;;;20.10;67.40;;;;;;5076712;28;20095;-45
2024/03/24 15:20:11;;;;;;;3.40;1.67;;;20.00;67.00;;;;;;5074094;28;20073;-45
2024/03/24 15:22:37;;;;;;;4.00;1.45;;;19.80;66.20;;;;;;5074014;28;20031;-46
2024/03/24 15:25:03;;;;;;;3.58;0.95;;;19.50;66.20;;;;;;5072930;28;20040;-45
2024/03/24 15:27:30;;;;;;;2.53;1.00;;;19.20;65.70;;;;;;5073690;28;20025;-45
2024/03/24 15:29:56;;;;;;;4.18;1.52;;;19.10;65.90;;;;;;5073483;28;20056;-45
2024/03/24 15:32:22;;;;;;;2.47;0.85;;;18.80;66.10;;;;;;5071475;28;20108;-44
2024/03/24 15:34:48;;;;;;;2.17;0.82;;;18.80;66.50;;;;;;5076157;28;20557;-45
2024/03/24 15:37:14;;;;;;;4.53;1.20;;;18.60;67.10;;;;;;5073735;28;20055;-46
2024/03/24 15:39:39;;;;;;;2.15;0.95;;;18.50;67.30;;;;;;5073660;28;20021;-45
2024/03/24 15:42:06;;;;;;;1.90;1.77;;;18.30;67.40;;;;;;5073601;28;20111;-46
2024/03/24 15:44:32;;;;;;;4.97;1.27;;;18.10;66.50;;;;;;5073294;28;20032;-46
2024/03/24 15:46:59;;;;;;;3.55;1.00;;;17.90;66.10;;;;;;5073688;28;20040;-45
2024/03/24 15:49:26;;;;;;;3.30;0.80;;;17.80;67.00;;;;;;5072188;28;20035;-46
2024/03/24 15:51:53;;;;;;;2.90;1.13;;;17.80;67.80;;;;;;5070694;28;20025;-45
2024/03/24 15:54:18;;;;;;;4.60;1.02;;;17.60;66.80;;;;;;5070664;28;20503;-46
2024/03/24 15:57:16;;;;;;;3.13;0.88;;;17.40;67.80;;;;;;5064229;28;20024;-45
2024/03/24 16:00:11;;;;;;;2.85;0.90;;;17.30;68.00;;;;;;5058713;28;20021;-46
2024/03/24 16:02:37;;;;;;;5.28;1.80;;;17.30;68.10;;;;;;5061889;28;20017;-46
2024/03/24 16:05:03;;;;;;;3.30;1.60;;;17.10;68.60;;;;;;5069793;28;20036;-45
2024/03/24 16:07:41;;;;;;;2.53;2.00;;;17.00;71.40;;;;;;5066685;28;20059;-46
2024/03/24 16:10:10;;;;;;;2.38;0.95;;;17.00;72.40;;;;;;5068723;28;20024;-46
2024/03/24 16:12:53;;;;;;;2.00;1.00;;;17.00;72.70;;;;;;5064582;28;20069;-46
2024/03/24 16:15:20;;;;;;;3.30;1.10;;;17.00;72.30;;;;;;5066722;28;20020;-45
2024/03/24 16:17:46;;;;;;;3.47;1.17;;;16.90;71.80;;;;;;5072858;28;20020;-46
2024/03/24 16:20:21;;;;;;;1.80;0.90;;;16.80;71.50;;;;;;5070105;28;20520;-46
2024/03/24 16:22:49;;;;;;;2.45;1.98;;;16.80;72.10;;;;;;5072071;28;20031;-45
2024/03/24 16:25:15;;;;;;;3.42;0.93;;;16.90;72.90;;;;;;5063364;28;20095;-46
2024/03/24 16:27:40;;;;;;;3.63;1.38;;;16.90;72.80;;;;;;5071658;28;20489;-46
2024/03/24 16:30:07;;;;;;;2.90;0.80;;;16.80;72.10;;;;;;5071008;28;20458;-46
2024/03/24 16:32:33;;;;;;;1.70;1.10;;;16.80;72.00;;;;;;5071290;28;20071;-45
2024/03/24 16:34:59;;;;;;;2.67;0.90;;;16.90;71.60;;;;;;5069039;28;20052;-45
2024/03/24 16:37:25;;;;;;;1.67;1.52;;;16.80;72.60;;;;;;5064549;28;20488;-46
2024/03/24 16:39:51;;;;;;;2.38;1.08;;;16.60;67.60;;;;;;5067878;28;20024;-46
2024/03/24 16:42:17;;;;;;;2.30;0.80;;;16.60;67.20;;;;;;5072701;28;20389;-45
2024/03/24 16:44:43;;;;;;;3.10;0.80;;;16.60;67.70;;;;;;5072572;28;20097;-46
2024/03/24 16:47:08;;;;;;;1.98;1.13;;;16.60;69.90;;;;;;5072724;28;20423;-46
2024/03/24 16:49:34;;;;;;;1.67;0.70;;;16.60;69.70;;;;;;5071589;28;20024;-46
2024/03/24 16:52:00;;;;;;;4.00;1.00;;;16.50;68.40;;;;;;5069785;28;20389;-45
2024/03/24 16:54:29;;;;;;;3.50;1.48;;;16.50;73.10;;;;;;5071871;28;20492;-46
2024/03/24 16:56:55;;;;;;;3.20;1.15;;;16.40;75.70;;;;;;5071634;28;20048;-45
2024/03/24 16:59:24;;;;;;;3.33;1.00;;;16.10;77.40;;;;;;5069199;28;20469;-46
2024/03/24 17:01:50;;;;;;;2.15;0.82;;;15.80;78.80;;;;;;5064539;28;20107;-46
2024/03/24 17:04:17;;;;;;;4.03;0.93;;;15.80;80.80;;;;;;5071746;28;20036;-46
2024/03/24 17:06:42;;;;;;;2.65;0.93;;;15.60;81.50;;;;;;5065917;28;20024;-45
2024/03/24 17:09:11;;;;;;;3.67;1.20;;;15.40;81.90;;;;;;5062783;28;20157;-46
2024/03/24 17:11:37;;;;;;;2.83;1.52;;;15.20;82.80;;;;;;5058930;28;20020;-46
2024/03/24 17:14:03;;;;;;;3.88;1.33;;;15.20;83.00;;;;;;5068476;28;20017;-46
2024/03/24 17:16:33;;;;;;;3.13;1.55;;;15.00;83.50;;;;;;5069187;28;20040;-46
2024/03/24 17:18:59;;;;;;;4.78;1.10;;;14.90;83.90;;;;;;5064766;28;20024;-45
2024/03/24 17:21:25;;;;;;;3.17;1.30;;;14.80;84.50;;;;;;5059871;28;20025;-45
2024/03/24 17:23:51;;;;;;;3.58;1.20;;;14.70;85.10;;;;;;5069607;28;20016;-45
2024/03/24 17:26:16;;;;;;;4.95;1.20;;;14.60;85.60;;;;;;5062739;28;20078;-46
2024/03/24 17:28:43;;;;;;;3.95;1.08;;;14.60;85.90;;;;;;5064535;28;20500;-45
2024/03/24 17:31:13;;;;;;;3.95;1.73;;;14.50;85.90;;;;;;5069583;28;20032;-45
2024/03/24 17:33:42;;;;;;;3.72;1.58;;;14.40;86.80;;;;;;5068920;28;20036;-45
2024/03/24 17:36:08;;;;;;;5.63;1.17;;;14.40;87.10;;;;;;5058310;28;20024;-46
2024/03/24 17:38:34;;;;;;;2.47;1.05;;;14.30;87.30;;;;;;5062129;28;20016;-45
2024/03/24 17:40:59;;;;;;;2.58;0.88;;;14.20;88.20;;;;;;5062294;28;20366;-46
2024/03/24 17:43:25;;;;;;;2.47;1.05;;;14.10;88.60;;;;;;5062153;28;20132;-46
2024/03/24 17:45:51;;;;;;;3.47;2.13;;;14.10;90.40;;;;;;5059500;28;20037;-46
2024/03/24 17:48:16;;;;;;;3.45;1.00;;;14.10;90.40;;;;;;5061866;28;20027;-46
2024/03/24 17:50:42;;;;;;;1.98;1.48;;;14.10;90.50;;;;;;5062490;28;20021;-45
2024/03/24 17:53:08;;;;;;;4.03;1.60;;;14.00;90.90;;;;;;5062376;28;20431;-47
2024/03/24 17:55:33;;;;;;;4.10;1.25;;;13.90;90.30;;;;;;5062416;28;20107;-48
2024/03/24 17:58:00;;;;;;;3.83;1.38;;;13.90;90.10;;;;;;5063201;28;20416;-46
2024/03/24 18:00:27;;;;;;;3.75;1.02;;;13.90;90.10;;;;;;5061415;28;20119;-47
2024/03/24 18:02:53;;;;;;;6.18;1.30;;;13.90;90.10;;;;;;5061085;28;20029;-47
2024/03/24 18:05:18;;;;;;;2.45;1.08;;;13.90;90.30;;;;;;5058942;28;20040;-47
2024/03/24 18:10:28;;;;;;;4.57;2.50;;;13.70;90.90;;;;;;5061861;28;20028;-46
2024/03/24 18:12:57;;;;;;;3.55;1.40;;;13.70;90.90;;;;;;5060812;28;20036;-46
2024/03/24 18:15:23;;;;;;;2.13;0.90;;;13.60;91.20;;;;;;5060259;28;20473;-47
2024/03/24 18:17:49;;;;;;;2.25;0.98;;;13.60;91.70;;;;;;5059964;28;20389;-47
2024/03/24 18:20:15;;;;;;;4.70;1.83;;;13.60;92.00;;;;;;5059747;28;20028;-48
2024/03/24 18:22:45;;;;;;;2.33;1.17;;;13.60;91.60;;;;;;5056697;28;20552;-46
2024/03/24 18:25:17;;;;;;;4.47;1.23;;;13.60;91.50;;;;;;5060401;28;20041;-47
2024/03/24 18:27:43;;;;;;;4.38;2.10;;;13.60;91.60;;;;;;5058533;28;20031;-46
2024/03/24 18:30:10;;;;;;;2.50;1.17;;;13.50;91.80;;;;;;5059579;28;20024;-47
2024/03/24 18:32:35;;;;;;;5.80;1.73;;;13.40;92.10;;;;;;5057991;28;20074;-47
2024/03/24 18:35:01;;;;;;;4.05;1.23;;;13.40;92.00;;;;;;5057181;28;20033;-48
2024/03/24 18:37:27;;;;;;;3.72;1.63;;;13.40;92.60;;;;;;5059545;28;20040;-47
2024/03/24 18:39:54;;;;;;;3.45;1.23;;;13.30;93.50;;;;;;5057852;28;20040;-46
2024/03/24 18:42:19;;;;;;;5.72;1.98;;;13.30;92.90;;;;;;5061276;28;20547;-47
2024/03/24 18:44:48;;;;;;;4.45;2.10;;;13.40;92.80;;;;;;5059940;28;20048;-48
2024/03/24 18:47:15;;;;;;;4.05;1.52;;;13.30;93.40;;;;;;5059370;28;20116;-47
2024/03/24 18:49:41;;;;;;;5.32;3.10;;;13.30;93.90;;;;;;5058852;28;20075;-47
2024/03/24 18:52:07;;;;;;;5.50;2.83;;;13.30;94.10;;;;;;5060393;28;20024;-47
2024/03/24 18:54:34;;;;;;;7.00;1.98;;;13.30;94.40;;;;;;5055920;28;20021;-47
2024/03/24 18:57:01;;;;;;;7.20;2.75;;;13.10;95.30;;;;;;5059144;28;20107;-47
2024/03/24 18:59:26;;;;;;;5.90;2.10;;;13.00;96.20;;;;;;5058043;28;20098;-47
2024/03/24 19:01:52;;;;;;;8.00;2.88;;;13.00;96.70;;;;;;5057854;28;20028;-48
2024/03/24 19:04:18;;;;;;;5.95;2.20;;;13.00;97.30;;;;;;5059416;28;20064;-47
2024/03/24 19:06:44;;;;;;;8.60;3.75;;;12.90;98.10;;;;;;5059898;28;20028;-47
2024/03/24 19:09:11;;;;;;;14.52;3.38;;;12.90;99.20;;;;;;5059384;28;20024;-47
2024/03/24 19:11:38;;;;;;;8.27;3.88;;;12.80;99.90;;;;;;5058075;28;20024;-47
2024/03/24 19:14:04;;;;;;;7.57;2.42;;;12.70;99.90;;;;;;5058029;28;20037;-47
2024/03/24 19:16:29;;;;;;;7.20;2.88;;;12.70;99.90;;;;;;5059972;28;20070;-48
2024/03/24 19:18:55;;;;;;;10.13;2.75;;;12.70;99.90;;;;;;5058323;28;20469;-47
2024/03/24 19:21:21;;;;;;;4.95;2.78;;;12.70;99.90;;;;;;5060274;28;20523;-47
2024/03/24 19:23:47;;;;;;;7.70;3.05;;;12.70;99.90;;;;;;5060269;28;20033;-47
2024/03/24 19:26:12;;;;;;;8.02;3.00;;;12.70;99.90;;;;;;5060439;28;20032;-47
2024/03/24 19:28:38;;;;;;;7.75;2.65;;;12.60;99.90;;;;;;5067908;28;20027;-47
2024/03/24 19:31:04;;;;;;;6.43;2.47;;;12.50;99.90;;;;;;5058695;28;20098;-47
2024/03/24 19:33:35;;;;;;;6.82;2.67;;;12.50;99.90;;;;;;5068237;28;20028;-46
2024/03/24 19:36:01;;;;;;;6.57;2.42;;;12.50;99.90;;;;;;5068557;28;20404;-47
2024/03/24 19:38:26;;;;;;;9.52;2.08;;;12.50;99.90;;;;;;5071307;28;20103;-46
2024/03/24 19:40:52;;;;;;;6.03;3.30;;;12.40;99.90;;;;;;5070393;28;20024;-47
2024/03/24 19:43:18;;;;;;;5.18;2.97;;;12.40;99.90;;;;;;5073490;28;20020;-47
2024/03/24 19:45:45;;;;;;;6.63;2.72;;;12.30;99.90;;;;;;5070608;28;20036;-47
2024/03/24 19:48:11;;;;;;;7.65;3.17;;;12.30;99.90;;;;;;5072380;28;20073;-47
2024/03/24 19:50:37;;;;;;;10.93;5.32;;;12.30;99.90;;;;;;5068721;28;20017;-48
2024/03/24 19:53:02;;;;;;;6.93;3.38;;;12.20;99.90;;;;;;5073476;28;20134;-46
2024/03/24 19:55:29;;;;;;;5.35;2.85;;;12.20;99.90;;;;;;5069843;28;20119;-46
2024/03/24 19:57:56;;;;;;;6.97;2.50;;;12.20;99.90;;;;;;5072591;28;20484;-48
2024/03/24 20:00:21;;;;;;;8.98;3.38;;;12.20;99.90;;;;;;5068879;28;20029;-46
2024/03/24 20:02:47;;;;;;;12.02;2.90;;;12.20;99.90;;;;;;5072902;28;20074;-47
2024/03/24 20:05:13;;;;;;;10.18;4.80;;;12.10;99.90;;;;;;5073362;28;20040;-47
2024/03/24 20:07:38;;;;;;;7.72;2.75;;;12.10;99.90;;;;;;5067285;28;20499;-47
2024/03/24 20:10:05;;;;;;;6.45;2.50;;;12.10;99.90;;;;;;5062562;28;20024;-47
2024/03/24 20:12:32;;;;;;;8.27;2.95;;;12.10;99.90;;;;;;5070024;28;20060;-47
2024/03/24 20:15:02;;;;;;;5.50;2.15;;;12.10;99.90;;;;;;5069773;28;20108;-46
2024/03/24 20:17:28;;;;;;;6.85;2.90;;;12.10;99.90;;;;;;5072255;28;20025;-47
2024/03/24 20:19:55;;;;;;;7.10;3.30;;;12.10;99.90;;;;;;5071847;28;20043;-47
2024/03/24 20:22:21;;;;;;;7.10;3.15;;;12.10;99.90;;;;;;5071107;28;20040;-47
2024/03/24 20:24:49;;;;;;;7.35;3.33;;;12.10;99.90;;;;;;5070016;28;20040;-47
2024/03/24 20:27:14;;;;;;;7.28;3.10;;;12.00;99.90;;;;;;5069118;28;20023;-47
2024/03/24 20:29:40;;;;;;;8.98;2.90;;;12.00;99.90;;;;;;5068681;28;20040;-47
2024/03/24 20:32:11;;;;;;;5.70;2.40;;;12.00;99.90;;;;;;5072865;28;20044;-46
2024/03/24 20:34:37;;;;;;;6.25;2.67;;;12.00;99.90;;;;;;5071881;28;20021;-47
2024/03/24 20:37:03;;;;;;;5.70;2.53;;;12.00;99.90;;;;;;5065392;28;20031;-47
2024/03/24 20:39:28;;;;;;;9.27;2.72;;;12.00;99.90;;;;;;5071074;28;20066;-47
2024/03/24 20:41:54;;;;;;;11.98;2.45;;;12.10;99.90;;;;;;5069088;28;20029;-46
2024/03/24 20:44:19;;;;;;;11.27;2.55;;;12.10;99.90;;;;;;5069997;28;20397;-47
2024/03/24 20:46:45;;;;;;;6.43;2.90;;;12.10;99.90;;;;;;5068473;28;20050;-47
2024/03/24 20:49:12;;;;;;;7.47;2.72;;;12.20;99.90;;;;;;5071430;28;20432;-47
2024/03/24 20:51:37;;;;;;;4.43;2.60;;;12.20;99.90;;;;;;5072193;28;20033;-46
2024/03/24 20:54:03;;;;;;;10.32;2.95;;;12.20;99.90;;;;;;5072456;28;20024;-47
2024/03/24 20:56:30;;;;;;;6.55;2.45;;;12.20;99.90;;;;;;5072534;28;20086;-47
2024/03/24 20:58:57;;;;;;;6.20;1.85;;;12.20;99.90;;;;;;5072508;28;20103;-47
2024/03/24 21:01:27;;;;;;;5.60;4.65;;;12.20;99.90;;;;;;5065914;28;20024;-47
2024/03/24 21:03:53;;;;;;;6.65;2.92;;;12.20;99.90;;;;;;5072406;28;20381;-47
2024/03/24 21:06:19;;;;;;;6.50;2.58;;;12.20;99.90;;;;;;5058845;28;20130;-47
2024/03/24 21:08:47;;;;;;;6.68;3.55;;;12.20;99.90;;;;;;5071487;28;20048;-46
2024/03/24 21:11:13;;;;;;;5.82;2.85;;;12.20;99.90;;;;;;5068236;28;20020;-47
2024/03/24 21:13:41;;;;;;;5.72;2.78;;;12.10;99.90;;;;;;5073611;28;20434;-46
2024/03/24 21:16:07;;;;;;;;;;;12.10;99.90;;;;;;5071730;28;20028;-47
2024/03/24 21:18:33;;;;;;;6.70;3.65;;;12.10;99.90;;;;;;5075383;28;19904;-49
2024/03/24 21:21:00;;;;;;;4.65;2.03;;;12.10;99.90;;;;;;5071971;28;20052;-47
2024/03/24 21:23:27;;;;;;;5.68;2.28;;;12.20;99.90;;;;;;5075704;28;20043;-47
2024/03/24 21:25:53;;;;;;;4.18;2.40;;;12.20;99.90;;;;;;5068974;28;20033;-47
2024/03/24 21:28:19;;;;;;;6.15;2.75;;;12.20;99.90;;;;;;5074876;28;20012;-46
2024/03/24 21:30:45;;;;;;;6.85;3.20;;;12.10;99.90;;;;;;5067104;28;20392;-47
2024/03/24 21:33:12;;;;;;;7.35;3.08;;;12.10;99.90;;;;;;5063388;28;20029;-48
2024/03/24 21:35:38;;;;;;;9.18;3.30;;;12.20;99.90;;;;;;5061665;28;20036;-46
2024/03/24 21:43:33;;;;;;;6.95;3.65;;;12.20;99.90;;;;;;5061107;28;20036;-47
2024/03/24 21:45:59;;;;;;;9.82;3.63;;;12.10;99.90;;;;;;5059359;28;20032;-48
2024/03/24 21:48:26;;;;;;;6.85;3.10;;;12.10;99.90;;;;;;5061293;28;20500;-47
2024/03/24 21:50:52;;;;;;;6.95;3.85;;;12.10;99.90;;;;;;5061591;28;20032;-47
2024/03/24 21:53:18;;;;;;;7.38;2.95;;;12.10;99.90;;;;;;5059396;28;20036;-47
2024/03/24 21:55:44;;;;;;;6.47;3.33;;;12.00;99.90;;;;;;5049141;28;20480;-47
2024/03/24 21:58:09;;;;;;;7.95;3.05;;;12.00;99.90;;;;;;5059619;28;20089;-47
2024/03/24 22:00:35;;;;;;;7.45;3.80;;;12.10;99.90;;;;;;5061646;28;20033;-47
2024/03/24 22:03:01;;;;;;;10.23;4.28;;;11.90;99.90;;;;;;5062120;28;20029;-47
2024/03/24 22:05:27;;;;;;;10.70;3.78;;;11.90;99.90;;;;;;5057172;28;20076;-46
2024/03/24 22:07:53;;;;;;;7.32;3.20;;;11.90;99.90;;;;;;5062114;28;20021;-47
2024/03/24 22:10:19;;;;;;;10.00;3.50;;;11.90;99.90;;;;;;5060645;28;20025;-48
2024/03/24 22:12:46;;;;;;;7.55;4.00;;;11.90;99.90;;;;;;5062053;28;20025;-48
2024/03/24 22:15:11;;;;;;;5.95;4.80;;;11.90;99.90;;;;;;5061961;28;20017;-46
2024/03/24 22:17:37;;;;;;;11.05;4.05;;;12.00;99.90;;;;;;5060340;28;20028;-46
2024/03/24 22:20:04;;;;;;;7.05;3.92;;;12.00;99.90;;;;;;5059787;28;20358;-46
2024/03/24 22:22:30;;;;;;;7.15;3.92;;;12.00;99.90;;;;;;5054614;28;20031;-47
2024/03/24 22:24:56;;;;;;;10.65;3.40;;;12.00;99.90;;;;;;5058409;28;20036;-47
2024/03/24 22:27:24;;;;;;;7.60;3.08;;;12.00;99.90;;;;;;5060840;28;20687;-48
2024/03/24 22:29:50;;;;;;;8.77;3.30;;;12.00;99.90;;;;;;5061103;28;20040;-48
2024/03/24 22:32:17;;;;;;;8.13;4.75;;;11.80;99.90;;;;;;5060224;28;20025;-48
2024/03/24 22:34:43;;;;;;;6.82;4.93;;;11.80;99.90;;;;;;5059995;28;20029;-46
2024/03/24 22:37:09;;;;;;;6.80;2.97;;;11.80;99.90;;;;;;5060727;28;20020;-47
2024/03/24 22:39:35;;;;;;;4.95;4.05;;;11.70;99.90;;;;;;5065792;28;20029;-47
2024/03/24 22:42:01;;;;;;;6.47;2.97;;;11.70;99.90;;;;;;5068151;28;20461;-47
2024/03/24 22:44:26;;;;;;;8.30;3.25;;;11.70;99.90;;;;;;5062921;28;20564;-48
2024/03/24 22:46:53;;;;;;;8.85;3.55;;;11.70;99.90;;;;;;5070618;28;20033;-47
2024/03/24 22:49:18;;;;;;;8.95;3.92;;;11.70;99.90;;;;;;5066403;28;20488;-47
2024/03/24 22:51:44;;;;;;;7.68;3.38;;;11.70;99.90;;;;;;5063702;28;20025;-47
2024/03/24 22:54:10;;;;;;;4.25;2.10;;;11.70;99.90;;;;;;5067894;28;20025;-46
2024/03/24 22:56:36;;;;;;;10.05;7.65;;;11.70;99.90;;;;;;5066021;28;20070;-46
2024/03/24 22:59:01;;;;;;;5.43;3.35;;;11.80;99.90;;;;;;5068397;28;20062;-47
2024/03/24 23:01:27;;;;;;;5.63;3.25;;;11.60;99.90;;;;;;5066412;28;20028;-47
2024/03/24 23:03:53;;;;;;;5.63;2.90;;;11.60;99.90;;;;;;5062495;28;20117;-47
2024/03/24 23:06:18;;;;;;;4.07;2.65;;;11.50;99.90;;;;;;5051599;28;20025;-47
2024/03/24 23:08:44;;;;;;;7.43;2.95;;;11.50;99.90;;;;;;5071049;28;20035;-47
2024/03/24 23:11:09;;;;;;;6.95;3.45;;;11.50;99.90;;;;;;5073849;28;20032;-47
2024/03/24 23:13:35;;;;;;;4.63;3.08;;;11.60;99.90;;;;;;5070353;28;20362;-47
2024/03/24 23:16:03;;;;;;;4.53;2.05;;;11.60;99.90;;;;;;5068824;28;20095;-47
2024/03/24 23:18:29;;;;;;;6.90;2.92;;;11.60;99.90;;;;;;5072310;28;20036;-46
2024/03/24 23:20:54;;;;;;;5.65;2.30;;;11.70;99.90;;;;;;5073528;28;20427;-46
2024/03/24 23:23:20;;;;;;;6.30;3.00;;;11.60;99.90;;;;;;5068705;28;20025;-46
2024/03/24 23:25:46;;;;;;;5.63;2.42;;;11.60;99.90;;;;;;5071365;28;20041;-47
2024/03/24 23:28:12;;;;;;;6.13;2.22;;;11.60;99.90;;;;;;5071104;28;20020;-47
2024/03/24 23:30:38;;;;;;;3.80;2.80;;;11.60;99.90;;;;;;5068272;28;20074;-46
2024/03/24 23:33:04;;;;;;;4.50;2.30;;;11.50;99.90;;;;;;5069990;28;20531;-46
2024/03/24 23:35:30;;;;;;;3.58;1.85;;;11.50;99.90;;;;;;5066432;28;20056;-47
2024/03/24 23:37:56;;;;;;;4.22;2.35;;;11.40;99.90;;;;;;5065279;28;20059;-47
2024/03/24 23:40:21;;;;;;;4.60;2.65;;;11.30;99.90;;;;;;5061207;28;20091;-47
2024/03/24 23:42:47;;;;;;;3.85;2.53;;;11.20;99.90;;;;;;5059190;28;20025;-47
2024/03/24 23:45:13;;;;;;;5.07;2.72;;;11.20;99.90;;;;;;5060250;28;20110;-46
2024/03/24 23:47:38;;;;;;;4.60;2.70;;;11.20;99.90;;;;;;5060954;28;20017;-47
2024/03/24 23:50:05;;;;;;;3.78;2.45;;;11.30;99.90;;;;;;5060499;28;20052;-46
2024/03/24 23:52:30;;;;;;;6.70;2.55;;;11.30;99.90;;;;;;5061105;28;20036;-46
2024/03/24 23:54:56;;;;;;;5.15;2.53;;;11.20;99.90;;;;;;5060493;28;20074;-47
2024/03/24 23:57:22;;;;;;;5.43;2.78;;;11.10;99.90;;;;;;5059385;28;20090;-49
2024/03/24 23:59:48;;;;;;;6.13;2.55;;;11.10;99.90;;;;;;5058240;28;20028;-47
